kind,dataset_id,key,decision,reason,reviewer,reviewed_at,comment,legacy_file_uid
annotation,ANN_EIRLPRJ_01272,07aec4b2-b16f-4eff-a10d-ef5d048b3636,keep,,unknown,,,
annotation,ANN_EIRLPRJ_01272,32cdebfd-39cd-4da5-b5c1-8515609aa51c,keep,,unknown,,,
annotation,ANN_EIRLPRJ_01272,768c3d56-d994-40a7-a72a-f9bf5fbbaa95,keep,,unknown,,,
annotation,ANN_EIRLPRJ_01272,9d4f168e-0b43-4f04-a9f3-4eb3c42ad727,keep,,unknown,,,
annotation,ANN_EIRLPRJ_01272,a5bdcca4-bdc6-4a1a-b5fb-afc485a010b5,keep,,unknown,,,
annotation,ANN_EIRLPRJ_01272,a6597b3b-2e9b-45fa-8807-5462f627636e,keep,,unknown,,,
annotation,ANN_EIRLPRJ_01272,ad8fba6b-bdd5-4978-8890-600b704d178e,keep,,unknown,,,
annotation,ANN_EIRLPRJ_01272,ae28a32b-1b24-4a6a-9cab-00f5191bdab9,keep,,unknown,,,
annotation,ANN_EIRLPRJ_01272,bca9201f-9710-43bf-a4cd-d3113960db59,keep,,unknown,,,
annotation,ANN_EIRLPRJ_01272,cee85821-db97-4f2d-9830-70202514201d,keep,,unknown,,,
annotation,ANN_EIRLPRJ_01272,ebabde8a-c76f-457b-802e-30eeacf02f4f,keep,,unknown,,,
annotation,ANN_EIRLPRJ_01272,eeb4e8a2-e4c6-4226-9e1f-2c590cfea6c9,keep,,unknown,,,
annotation,ANN_EIRLPRJ_01272,f278645a-2804-4c8e-844e-c6f5be76f1c7,keep,,unknown,,,
annotation,ANN_EIRLPRJ_01331,0009bb4f-af96-43e6-8a2c-fb80938a0010,keep,visually_valid,unknown,,,
annotation,ANN_EIRLPRJ_01331,00ad07c3-9fb5-4f12-84cf-2dfce202a90a,keep,visually_valid,unknown,,,
annotation,ANN_EIRLPRJ_01331,014bed3c-e7f3-4bcf-96ef-036dc4221d27,keep,visually_valid,unknown,,,
annotation,ANN_EIRLPRJ_01331,01a08795-383f-4530-a2d3-8cecbfcdd56b,keep,visually_valid,unknown,,,
annotation,ANN_EIRLPRJ_01331,01d105e1-0c62-4fbb-9336-57f2b517ada6,keep,visually_valid,unknown,,,
annotation,ANN_EIRLPRJ_01331,028ffe3f-4d93-4975-b46a-f41824f716b5,keep,visually_valid,unknown,,,
annotation,ANN_EIRLPRJ_01331,02d267aa-7601-47e5-8825-d1091a079f96,keep,visually_valid,unknown,,,
annotation,ANN_EIRLPRJ_01331,02e481fd-763a-486d-9cd9-195650a491b2,keep,visually_valid,unknown,,,
annotation,ANN_EIRLPRJ_01331,02f9a0d8-81f8-4576-8708-dfb202d214ec,keep,visually_valid,unknown,,,
annotation,ANN_EIRLPRJ_01331,037bb993-0191-4ddf-b335-7458537aca45,keep,visually_valid,unknown,,,
annotation,ANN_EIRLPRJ_01331,038433bb-c3c4-4d6d-96ea-66ad69bff87a,keep,visually_valid,unknown,,,
annotation,ANN_EIRLPRJ_01331,039ee65b-f7b0-4614-8156-7731a16f3129,keep,visually_valid,unknown,,,
annotation,ANN_EIRLPRJ_01331,04c36356-9224-489b-9056-534e36c54d98,keep,visually_valid,unknown,,,
annotation,ANN_EIRLPRJ_01331,05421c86-ee8c-4a3f-a4f3-0a10d790147c,keep,visually_valid,unknown,,,
annotation,ANN_EIRLPRJ_01331,0590009c-7601-4c43-b75a-3ba9a53f0872,keep,visually_valid,unknown,,,
annotation,ANN_EIRLPRJ_01331,0625222b-9524-41ed-9299-dbc9ae56e5b1,keep,visually_valid,unknown,,,
annotation,ANN_EIRLPRJ_01331,06498a1a-8d9c-490d-9393-8e22e90d4e09,keep,visually_valid,unknown,,,
annotation,ANN_EIRLPRJ_01331,067b3dfc-b44e-4983-9f66-f8e2c66fa83a,keep,visually_valid,unknown,,,
annotation,ANN_EIRLPRJ_01331,06c0dbf7-5d9f-421b-80d3-b9e979e8dd58,keep,visually_valid,unknown,,,
annotation,ANN_EIRLPRJ_01331,06eee26b-a99a-4018-bc68-2140449ede10,keep,visually_valid,unknown,,,
annotation,ANN_EIRLPRJ_01331,07ad6869-b9d0-4eef-a159-578463c95968,keep,visually_valid,unknown,,,
annotation,ANN_EIRLPRJ_01331,07fe228e-9baa-4692-9a3d-87d48b8c7062,keep,visually_valid,unknown,,,
annotation,ANN_EIRLPRJ_01331,08374af6-c4fd-4c19-9f9c-651b6a005a91,keep,visually_valid,unknown,,,
annotation,ANN_EIRLPRJ_01331,0a29af28-050f-4f32-92d9-50e3009efa11,keep,visually_valid,unknown,,,
annotation,ANN_EIRLPRJ_01331,0a52983a-15ca-4016-9eb3-7b0de1799bbc,keep,visually_valid,unknown,,,
annotation,ANN_EIRLPRJ_01331,0a68b6b2-e0d2-4fe5-8c4e-1d2c15f75e02,keep,visually_valid,unknown,,,
annotation,ANN_EIRLPRJ_01331,0a9abf79-e576-4c6a-bf89-e483207250c3,keep,visually_valid,unknown,,,
annotation,ANN_EIRLPRJ_01331,0ac3f253-e06c-4401-b526-a6853db6a3cf,keep,visually_valid,unknown,,,
annotation,ANN_EIRLPRJ_01331,0ad19d13-a2e1-4ae9-9e0e-bafdc4e1dfd9,keep,visually_valid,unknown,,,
annotation,ANN_EIRLPRJ_01331,0ad2239f-8ede-4edb-8571-ec94aa77a4e3,keep,visually_valid,unknown,,,
annotation,ANN_EIRLPRJ_01331,0b4b64d0-8927-4b31-b969-cbcaed429298,keep,visually_valid,unknown,,,
annotation,ANN_EIRLPRJ_01331,0b4e7fa5-eb08-434b-b79e-1129181bfa66,keep,visually_valid,unknown,,,
annotation,ANN_EIRLPRJ_01331,0b56f94f-cd23-47b3-9802-4cac8e66e6e3,keep,visually_valid,unknown,,,
annotation,ANN_EIRLPRJ_01331,0b5b9706-8ac9-4fdc-bd2a-a4108f3d31e6,keep,visually_valid,unknown,,,
annotation,ANN_EIRLPRJ_01331,0b762b93-e2d1-42c4-819f-8def189bd982,keep,visually_valid,unknown,,,
annotation,ANN_EIRLPRJ_01331,0baa4984-d4b0-4e40-84f9-2bfa3d041ce0,keep,visually_valid,unknown,,,
annotation,ANN_EIRLPRJ_01331,0c8d1aea-84f1-4266-9b85-a60179cc8cce,keep,visually_valid,unknown,,,
annotation,ANN_EIRLPRJ_01331,0cbb6c3a-9aa8-4d0d-a938-176ed60b2306,keep,visually_valid,unknown,,,
annotation,ANN_EIRLPRJ_01331,0cbbd490-3fab-400d-8dac-4d6e1f4e9616,keep,visually_valid,unknown,,,
annotation,ANN_EIRLPRJ_01331,0cc43e31-3ee5-4bc4-b9ae-5b2a80e9aa11,keep,visually_valid,unknown,,,
annotation,ANN_EIRLPRJ_01331,0cc5a3ac-53ca-49da-9d68-642f08c428c5,keep,visually_valid,unknown,,,
annotation,ANN_EIRLPRJ_01331,0ce9a195-0e08-4b44-ba4d-0aa9bbfc2c79,keep,visually_valid,unknown,,,
annotation,ANN_EIRLPRJ_01331,0d095886-9da0-48f9-80b6-352bdce756c6,keep,visually_valid,unknown,,,
annotation,ANN_EIRLPRJ_01331,0d29defc-c802-4a03-8668-959e021e0908,keep,visually_valid,unknown,,,
annotation,ANN_EIRLPRJ_01331,0d405a5f-9087-4db4-a55f-daa916c70a13,keep,visually_valid,unknown,,,
annotation,ANN_EIRLPRJ_01331,0dcf3860-d461-4cdc-93bc-e48459d768c5,keep,visually_valid,unknown,,,
annotation,ANN_EIRLPRJ_01331,0ea0405b-b948-439c-bbcc-6f989fae4056,keep,visually_valid,unknown,,,
annotation,ANN_EIRLPRJ_01331,0ea8a5fc-e3b1-47bc-a0f9-cb03b89ec064,keep,visually_valid,unknown,,,
annotation,ANN_EIRLPRJ_01331,101a0a88-78de-4eb6-b69e-dcada2fbc162,keep,visually_valid,unknown,,,
annotation,ANN_EIRLPRJ_01331,10ee8ee5-a63e-4ac2-b71d-e6258ebc292d,keep,visually_valid,unknown,,,
annotation,ANN_EIRLPRJ_01331,10ef6f0d-4905-443a-b2a0-116b571cb5e6,keep,visually_valid,unknown,,,
annotation,ANN_EIRLPRJ_01331,10f1b108-5b48-4cb4-922e-3ba680c9228a,keep,visually_valid,unknown,,,
annotation,ANN_EIRLPRJ_01331,11fc7264-733c-445b-9ff6-54f53e8627ae,keep,visually_valid,unknown,,,
annotation,ANN_EIRLPRJ_01331,129f3050-2a2e-4954-8aad-a32e01e4f190,keep,visually_valid,unknown,,,
annotation,ANN_EIRLPRJ_01331,132a135b-1064-4eda-82e5-11d4d6d6de2b,keep,visually_valid,unknown,,,
annotation,ANN_EIRLPRJ_01331,1339272f-d7e2-4538-b680-3f75ba99a148,keep,visually_valid,unknown,,,
annotation,ANN_EIRLPRJ_01331,146514d4-7065-43e0-bd1e-a7a823361240,keep,visually_valid,unknown,,,
annotation,ANN_EIRLPRJ_01331,14adf63e-f977-458d-afd9-6583474252a3,keep,visually_valid,unknown,,,
annotation,ANN_EIRLPRJ_01331,14b8c13c-45d8-4f3c-95cf-4380210cec01,keep,visually_valid,unknown,,,
annotation,ANN_EIRLPRJ_01331,14c6417d-4922-4855-9b20-536d3739daf8,keep,visually_valid,unknown,,,
annotation,ANN_EIRLPRJ_01331,14d5caf3-6f8f-4846-ad81-6f1a6928cf3f,keep,visually_valid,unknown,,,
annotation,ANN_EIRLPRJ_01331,1508c383-437f-4a9b-bcaa-22381015bb53,keep,visually_valid,unknown,,,
annotation,ANN_EIRLPRJ_01331,1574686f-800a-4a23-bef1-2351a6d4bb1d,keep,visually_valid,unknown,,,
annotation,ANN_EIRLPRJ_01331,15965c73-6e46-4c91-b1fb-d1c4b74fa313,keep,visually_valid,unknown,,,
annotation,ANN_EIRLPRJ_01331,15ba7276-dad4-4c93-9aaa-69a8c21155c2,keep,visually_valid,unknown,,,
annotation,ANN_EIRLPRJ_01331,160d3d97-c82b-402a-a209-b2177daefb37,keep,visually_valid,unknown,,,
annotation,ANN_EIRLPRJ_01331,168a518d-ea36-4e1e-a01b-5f36f694a7a7,keep,visually_valid,unknown,,,
annotation,ANN_EIRLPRJ_01331,16e9653f-e1ad-45fe-a799-1c8ddcb0fd5f,keep,visually_valid,unknown,,,
annotation,ANN_EIRLPRJ_01331,1820b2a9-206d-4e1e-9da4-141ccc90131f,keep,visually_valid,unknown,,,
annotation,ANN_EIRLPRJ_01331,18914fa5-fc27-408f-946e-3fc054493168,keep,visually_valid,unknown,,,
annotation,ANN_EIRLPRJ_01331,18d15938-eadd-46b9-8dee-9653a6c0d625,keep,visually_valid,unknown,,,
annotation,ANN_EIRLPRJ_01331,18e1ff48-f147-42ef-b44f-a1a072a90b2d,keep,visually_valid,unknown,,,
annotation,ANN_EIRLPRJ_01331,18f02b28-3a3d-4be4-abd0-194e622c4370,keep,,unknown,,,
annotation,ANN_EIRLPRJ_01331,1b6e9315-bafe-45dd-9774-46edd160fae9,keep,visually_valid,unknown,,,
annotation,ANN_EIRLPRJ_01331,1b7eb733-3f04-48e3-8a1b-ed5a4dab8332,keep,visually_valid,unknown,,,
annotation,ANN_EIRLPRJ_01331,1b8f6937-d88c-4c97-9f49-640ae4909915,keep,visually_valid,unknown,,,
annotation,ANN_EIRLPRJ_01331,1c29a9b7-7570-4a46-9466-c7f968a6959c,keep,visually_valid,unknown,,,
annotation,ANN_EIRLPRJ_01331,1c332436-f3cf-43ba-9ac8-e76629dd184f,keep,visually_valid,unknown,,,
annotation,ANN_EIRLPRJ_01331,1ca5f29c-9c25-4149-a994-34b3c19f7e64,keep,visually_valid,unknown,,,
annotation,ANN_EIRLPRJ_01331,1cb0aa4c-6dd6-478f-82c5-caf2ea28e2aa,keep,visually_valid,unknown,,,
annotation,ANN_EIRLPRJ_01331,1d223199-89b2-4041-b9ca-6b5b086b682a,keep,visually_valid,unknown,,,
annotation,ANN_EIRLPRJ_01331,1d49b298-212d-4dc1-b63e-3ff4583f97ad,keep,visually_valid,unknown,,,
annotation,ANN_EIRLPRJ_01331,1e21a85e-eb3f-4a9d-90a5-cf629f59b922,keep,visually_valid,unknown,,,
annotation,ANN_EIRLPRJ_01331,1f25a45f-27f8-48aa-b281-2939a3d63107,keep,visually_valid,unknown,,,
annotation,ANN_EIRLPRJ_01331,1f423e2c-728f-4399-af70-124ac8fd6ec4,keep,visually_valid,unknown,,,
annotation,ANN_EIRLPRJ_01331,1f537701-8d05-4abd-a387-d02df449388a,keep,visually_valid,unknown,,,
annotation,ANN_EIRLPRJ_01331,1f722df9-c68e-4fb0-b033-0dc5bb545031,keep,visually_valid,unknown,,,
annotation,ANN_EIRLPRJ_01331,1f906579-9cae-41a7-bc8c-004ce7dcfeda,keep,visually_valid,unknown,,,
annotation,ANN_EIRLPRJ_01331,1fbe5939-32e4-4e8a-8281-7533c6ea1714,keep,true_small_lesion,unknown,,,
annotation,ANN_EIRLPRJ_01331,1fc02576-03a4-4053-9d60-45d8e85be426,keep,visually_valid,unknown,,,
annotation,ANN_EIRLPRJ_01331,201a637e-11b7-4729-9472-20c7a09ded64,keep,visually_valid,unknown,,,
annotation,ANN_EIRLPRJ_01331,2058be26-628f-4384-8bc2-be2325c90f7e,keep,visually_valid,unknown,,,
annotation,ANN_EIRLPRJ_01331,20e01085-efc9-4d67-9704-e02cfc29c75b,keep,visually_valid,unknown,,,
annotation,ANN_EIRLPRJ_01331,21f22efb-95cd-40ce-9a7d-88490797c563,keep,visually_valid,unknown,,,
annotation,ANN_EIRLPRJ_01331,221d9d26-5976-4cbb-b19c-a551d2fe4a18,keep,visually_valid,unknown,,,
annotation,ANN_EIRLPRJ_01331,22a00d4a-a9e5-4af8-9903-a2472d7d45ab,keep,visually_valid,unknown,,,
annotation,ANN_EIRLPRJ_01331,231becea-86c2-45eb-9c77-d42728955a78,keep,true_small_lesion,unknown,,,
annotation,ANN_EIRLPRJ_01331,23a351f6-26fc-413d-bd33-e9b62e27df99,keep,visually_valid,unknown,,,
annotation,ANN_EIRLPRJ_01331,23c37c9f-9b75-4905-a471-8f7baa50dc77,keep,visually_valid,unknown,,,
annotation,ANN_EIRLPRJ_01331,2469e427-00ac-482f-8d41-2eaaaae72f08,keep,visually_valid,unknown,,,
annotation,ANN_EIRLPRJ_01331,248cccfe-0f2e-4973-b0dd-420465eb48ea,keep,visually_valid,unknown,,,
annotation,ANN_EIRLPRJ_01331,249b18a6-0d90-4536-8d5d-5a962a21d17f,keep,visually_valid,unknown,,,
annotation,ANN_EIRLPRJ_01331,253caf79-d2ef-4a49-a85b-9a5a564deaf2,keep,true_small_lesion,unknown,,,
annotation,ANN_EIRLPRJ_01331,25fe45d4-6167-48ab-9fe3-bbca8eaf3750,keep,true_small_lesion,unknown,,,
annotation,ANN_EIRLPRJ_01331,26ad0f59-b962-4224-b30a-f63d5e9893af,keep,visually_valid,unknown,,,
annotation,ANN_EIRLPRJ_01331,27ebe59a-b7c9-442e-a3c1-6621803fcf15,keep,visually_valid,unknown,,,
annotation,ANN_EIRLPRJ_01331,282c37b0-a7c7-429f-a5a9-a8806590c82a,keep,visually_valid,unknown,,,
annotation,ANN_EIRLPRJ_01331,282c393b-8f71-4ab0-852d-e8f27ccb402d,keep,visually_valid,unknown,,,
annotation,ANN_EIRLPRJ_01331,285929b3-4d03-431b-8ca1-4a91f39e3d63,keep,visually_valid,unknown,,,
annotation,ANN_EIRLPRJ_01331,28a2527a-dbdc-499d-a620-128ec75af44e,keep,visually_valid,unknown,,,
annotation,ANN_EIRLPRJ_01331,28fe78ae-e430-4225-830c-eb8105d83b54,keep,visually_valid,unknown,,,
annotation,ANN_EIRLPRJ_01331,292103bb-2ed4-46c7-bdb9-5d445e1557a8,keep,visually_valid,unknown,,,
annotation,ANN_EIRLPRJ_01331,2924d4e0-0799-449d-a8de-58209329c380,keep,visually_valid,unknown,,,
annotation,ANN_EIRLPRJ_01331,2928ae84-951c-446c-bcf8-3d06d49f502d,keep,visually_valid,unknown,,,
annotation,ANN_EIRLPRJ_01331,294fad64-2c83-41b0-bc72-22dda85b1a6c,keep,visually_valid,unknown,,,
annotation,ANN_EIRLPRJ_01331,29821a0d-e855-4272-9972-4ac07da3f006,keep,visually_valid,unknown,,,
annotation,ANN_EIRLPRJ_01331,2982bed8-da20-47c7-b2dd-d6170cf7655d,keep,visually_valid,unknown,,,
annotation,ANN_EIRLPRJ_01331,2a907acd-784d-47cc-b824-8085714303e8,keep,visually_valid,unknown,,,
annotation,ANN_EIRLPRJ_01331,2be414b1-623c-4ca2-acd1-3fb852d7c886,keep,true_small_lesion,unknown,,,
annotation,ANN_EIRLPRJ_01331,2c1a9d86-75bb-48f5-9bb0-85eba07c5af2,keep,visually_valid,unknown,,,
annotation,ANN_EIRLPRJ_01331,2c2dbe1b-f2d6-4d19-b73b-79d0a150eef5,keep,visually_valid,unknown,,,
annotation,ANN_EIRLPRJ_01331,2c492952-67fa-4419-a6ac-ac0f76836821,keep,visually_valid,unknown,,,
annotation,ANN_EIRLPRJ_01331,2c518fa4-1974-4123-8487-4d546f64533b,keep,visually_valid,unknown,,,
annotation,ANN_EIRLPRJ_01331,2c5dda1b-4a21-4cfb-beff-830f953b2f0a,keep,visually_valid,unknown,,,
annotation,ANN_EIRLPRJ_01331,2c8b81f4-67ad-45f6-ad8c-c15433674123,keep,visually_valid,unknown,,,
annotation,ANN_EIRLPRJ_01331,2cad06c4-de2b-4b86-8df5-4b4ca158c9ae,keep,visually_valid,unknown,,,
annotation,ANN_EIRLPRJ_01331,2ce91374-08ad-4263-b4cd-6c80a8226591,keep,visually_valid,unknown,,,
annotation,ANN_EIRLPRJ_01331,2dbc04f5-78b2-4a08-a61e-be3c0db27c23,keep,visually_valid,unknown,,,
annotation,ANN_EIRLPRJ_01331,2e1c5600-ba55-46e0-a1f9-c7ed53d82cab,keep,visually_valid,unknown,,,
annotation,ANN_EIRLPRJ_01331,2f5f9ce1-86d3-4e5f-84fc-a60c39962c55,keep,visually_valid,unknown,,,
annotation,ANN_EIRLPRJ_01331,2f871f53-6880-46bd-ab7f-78cd9e9785f8,keep,visually_valid,unknown,,,
annotation,ANN_EIRLPRJ_01331,2f92afaf-bcf0-4503-a958-58b8ce82bf1a,keep,visually_valid,unknown,,,
annotation,ANN_EIRLPRJ_01331,2fd062ef-c057-440d-bda0-61897e6a88c6,keep,visually_valid,unknown,,,
annotation,ANN_EIRLPRJ_01331,304cac6e-cf6f-4d62-b5e6-665e710c3f25,keep,visually_valid,unknown,,,
annotation,ANN_EIRLPRJ_01331,30a71cac-5b68-407f-a80b-8f909dd84650,keep,visually_valid,unknown,,,
annotation,ANN_EIRLPRJ_01331,32bbc77a-1936-4942-9b60-a803fa9383ad,keep,visually_valid,unknown,,,
annotation,ANN_EIRLPRJ_01331,32f24e74-cc92-4958-a2a8-98099fccc056,keep,visually_valid,unknown,,,
annotation,ANN_EIRLPRJ_01331,337f40d6-695e-41ad-ad98-6cbf3193790b,keep,visually_valid,unknown,,,
annotation,ANN_EIRLPRJ_01331,33ce3f39-6ba4-4d86-806f-2388dbc794fd,keep,visually_valid,unknown,,,
annotation,ANN_EIRLPRJ_01331,341bcb6d-6167-4bfe-a5b5-7f8c313b9e4e,keep,visually_valid,unknown,,,
annotation,ANN_EIRLPRJ_01331,34484b8f-1b48-433b-916e-ce131f741523,keep,visually_valid,unknown,,,
annotation,ANN_EIRLPRJ_01331,349a0849-df2a-41c0-a6d9-61ee0cef3984,keep,visually_valid,unknown,,,
annotation,ANN_EIRLPRJ_01331,357af9c0-f448-4bcd-a592-5e8010840700,keep,visually_valid,unknown,,,
annotation,ANN_EIRLPRJ_01331,36a946d1-3f2e-47de-b368-ccd8e21084a8,keep,visually_valid,unknown,,,
annotation,ANN_EIRLPRJ_01331,375513e9-47ff-44f0-b316-7ea91fda4545,keep,visually_valid,unknown,,,
annotation,ANN_EIRLPRJ_01331,387b82a9-53e3-4255-83cb-1238dae7209a,keep,visually_valid,unknown,,,
annotation,ANN_EIRLPRJ_01331,38fb0d96-37e9-4de6-b6e0-f15d311373c9,keep,visually_valid,unknown,,,
annotation,ANN_EIRLPRJ_01331,391433a1-247d-4c71-8690-e810b1fd57f8,keep,visually_valid,unknown,,,
annotation,ANN_EIRLPRJ_01331,391d2e11-93a2-48c8-9128-aef57e8eb4de,keep,visually_valid,unknown,,,
annotation,ANN_EIRLPRJ_01331,39278ad1-aa8b-4cfe-917d-9acba0a6e997,keep,visually_valid,unknown,,,
annotation,ANN_EIRLPRJ_01331,39a3f0dc-b66d-4691-958a-3715ada12568,keep,visually_valid,unknown,,,
annotation,ANN_EIRLPRJ_01331,39c0e303-2a22-43d6-bf24-1d42dd598cd3,keep,visually_valid,unknown,,,
annotation,ANN_EIRLPRJ_01331,39f33700-3cb0-4587-a198-81f4df0e54b1,keep,visually_valid,unknown,,,
annotation,ANN_EIRLPRJ_01331,3a48059f-341f-4519-9ed8-abba6491c6ea,keep,visually_valid,unknown,,,
annotation,ANN_EIRLPRJ_01331,3b3fdc3b-c225-4c6d-a936-bddba05e442e,keep,visually_valid,unknown,,,
annotation,ANN_EIRLPRJ_01331,3b76d4af-091d-4dac-b4af-e7f2bb03b09b,keep,visually_valid,unknown,,,
annotation,ANN_EIRLPRJ_01331,3c077b01-cf72-4f24-a76c-33c7b3fef27b,keep,visually_valid,unknown,,,
annotation,ANN_EIRLPRJ_01331,3c98c752-5aeb-43fa-8ca8-87c8d62d73ec,keep,visually_valid,unknown,,,
annotation,ANN_EIRLPRJ_01331,3cad7796-542c-4ba6-abfe-b53f0035639f,keep,visually_valid,unknown,,,
annotation,ANN_EIRLPRJ_01331,3d460171-f042-4595-a0d9-df2d20044aa4,keep,visually_valid,unknown,,,
annotation,ANN_EIRLPRJ_01331,3e67f6f6-4831-49ea-97f0-0c953a5b0632,keep,visually_valid,unknown,,,
annotation,ANN_EIRLPRJ_01331,3eba172d-46c6-4e7e-ad9c-5c0871c0fbaf,keep,visually_valid,unknown,,,
annotation,ANN_EIRLPRJ_01331,3fb3721c-213a-483e-aa1a-ec12aaac5151,keep,visually_valid,unknown,,,
annotation,ANN_EIRLPRJ_01331,3ff5de6c-dfc8-44c5-8f7c-9c9e6c4cfdd0,keep,visually_valid,unknown,,,
annotation,ANN_EIRLPRJ_01331,40e9b95e-81e8-45be-8478-26f5d9ec80aa,keep,visually_valid,unknown,,,
annotation,ANN_EIRLPRJ_01331,417af90d-5880-4599-b0c2-ec1495d71007,keep,,unknown,,,
annotation,ANN_EIRLPRJ_01331,4193dae8-24ed-4ed1-96b0-08ef7e0d6dda,keep,visually_valid,unknown,,,
annotation,ANN_EIRLPRJ_01331,41b3fb68-4f18-417f-8a5a-764901b5a105,keep,true_small_lesion,unknown,,,
annotation,ANN_EIRLPRJ_01331,41cc39f0-7203-48ae-a2f4-d0d720a9b59a,keep,visually_valid,unknown,,,
annotation,ANN_EIRLPRJ_01331,42020b9d-5afe-4e19-a27f-a62cd15f817e,keep,visually_valid,unknown,,,
annotation,ANN_EIRLPRJ_01331,423a467f-6103-4a9d-a87a-5064d90c090e,keep,visually_valid,unknown,,,
annotation,ANN_EIRLPRJ_01331,4284a229-b715-42bf-bf2f-46a09f1f1baa,keep,visually_valid,unknown,,,
annotation,ANN_EIRLPRJ_01331,43333941-72ce-4ca9-98ce-6d6165633b98,keep,visually_valid,unknown,,,
annotation,ANN_EIRLPRJ_01331,43b68157-b5d4-431f-92c2-28dbc50a98b1,keep,visually_valid,unknown,,,
annotation,ANN_EIRLPRJ_01331,442371de-80ac-41bb-abbf-59a138d89cfe,keep,visually_valid,unknown,,,
annotation,ANN_EIRLPRJ_01331,453cea3c-c2fb-4ffa-baa6-f3a0def30a46,keep,visually_valid,unknown,,,
annotation,ANN_EIRLPRJ_01331,458cb4e0-baa2-4857-8646-24759f154538,keep,visually_valid,unknown,,,
annotation,ANN_EIRLPRJ_01331,45ddb3e4-d185-48df-9963-f62dac97964f,keep,visually_valid,unknown,,,
annotation,ANN_EIRLPRJ_01331,45e5ca7d-6ff2-488e-a36d-912b2f21cdb3,keep,visually_valid,unknown,,,
annotation,ANN_EIRLPRJ_01331,45edf154-5f7a-4641-be6e-81b8253804a2,keep,visually_valid,unknown,,,
annotation,ANN_EIRLPRJ_01331,462e53e3-76ef-4034-bc97-ade222fbda6d,keep,visually_valid,unknown,,,
annotation,ANN_EIRLPRJ_01331,4706b48e-f3a9-433b-bf3b-6e6f279975bd,keep,visually_valid,unknown,,,
annotation,ANN_EIRLPRJ_01331,472237e8-dd79-4d2e-9532-f222bcdd8856,keep,visually_valid,unknown,,,
annotation,ANN_EIRLPRJ_01331,4780bb42-7d1a-4b07-ae1e-e9f2ff853968,keep,visually_valid,unknown,,,
annotation,ANN_EIRLPRJ_01331,479c7e5f-43da-465e-b126-89f4c4ecdf9f,keep,visually_valid,unknown,,,
annotation,ANN_EIRLPRJ_01331,47db5b18-5f02-41f2-83fc-2eca915beecb,keep,visually_valid,unknown,,,
annotation,ANN_EIRLPRJ_01331,4828be4f-6aa4-49b3-841e-213c49f162c3,keep,visually_valid,unknown,,,
annotation,ANN_EIRLPRJ_01331,49e58985-fd79-4489-979e-fc289a7c67b6,keep,visually_valid,unknown,,,
annotation,ANN_EIRLPRJ_01331,4a1dbfa9-c9ef-44b4-9375-057b23e7bb12,keep,visually_valid,unknown,,,
annotation,ANN_EIRLPRJ_01331,4a54f534-ec6e-4a68-a373-b5ec0cbbeac3,keep,visually_valid,unknown,,,
annotation,ANN_EIRLPRJ_01331,4b42589f-e4a4-47c4-a825-dbe88685b62e,keep,visually_valid,unknown,,,
annotation,ANN_EIRLPRJ_01331,4b4aec08-218a-465b-80cc-a516eae795c1,keep,visually_valid,unknown,,,
annotation,ANN_EIRLPRJ_01331,4bd45b5c-4b9d-4d72-b741-6549eae37322,keep,visually_valid,unknown,,,
annotation,ANN_EIRLPRJ_01331,4c2a9103-e643-4510-bf78-b0def13758ea,keep,visually_valid,unknown,,,
annotation,ANN_EIRLPRJ_01331,4e15b208-4fc4-489c-aa46-5dd8835ac804,keep,visually_valid,unknown,,,
annotation,ANN_EIRLPRJ_01331,4eb65a17-fdb9-4500-a7d0-ac2af88a45d3,keep,visually_valid,unknown,,,
annotation,ANN_EIRLPRJ_01331,4ecac68a-d852-4a6d-b000-fb593131ca7c,keep,visually_valid,unknown,,,
annotation,ANN_EIRLPRJ_01331,4ed34bf8-4c76-49d9-92d5-7ee648797dc9,keep,true_small_lesion,unknown,,,
annotation,ANN_EIRLPRJ_01331,4f1ffa4f-f013-40f2-ad58-99f2c2b0a2c2,keep,visually_valid,unknown,,,
annotation,ANN_EIRLPRJ_01331,4f426eac-9079-4628-9825-6fa0e9d425bd,keep,visually_valid,unknown,,,
annotation,ANN_EIRLPRJ_01331,4f493ea1-917c-4ebe-8c00-8e9697699ab9,keep,visually_valid,unknown,,,
annotation,ANN_EIRLPRJ_01331,4fc5d4ab-6bdc-4961-9c2b-0e0800fbb25c,keep,visually_valid,unknown,,,
annotation,ANN_EIRLPRJ_01331,502cb19e-4d5a-4630-9213-5710725e8e60,keep,visually_valid,unknown,,,
annotation,ANN_EIRLPRJ_01331,50614322-03a0-4049-94a2-0496ff644469,keep,visually_valid,unknown,,,
annotation,ANN_EIRLPRJ_01331,50c73a21-20b4-4726-972f-c05271f35e02,keep,visually_valid,unknown,,,
annotation,ANN_EIRLPRJ_01331,515eede8-7cc8-464c-983a-deb54bea5870,keep,visually_valid,unknown,,,
annotation,ANN_EIRLPRJ_01331,51656c98-3841-4236-b171-777eced2d22f,keep,visually_valid,unknown,,,
annotation,ANN_EIRLPRJ_01331,51faad8d-cef4-42ac-a504-6d395d5e1e9a,keep,visually_valid,unknown,,,
annotation,ANN_EIRLPRJ_01331,53063c6b-add0-48a4-a2a8-aa7039e1ba62,keep,visually_valid,unknown,,,
annotation,ANN_EIRLPRJ_01331,5323b3ca-2715-4782-9282-2850652aed15,keep,visually_valid,unknown,,,
annotation,ANN_EIRLPRJ_01331,53b8bb12-77b9-4b8f-a646-cacb72a8a0c5,keep,visually_valid,unknown,,,
annotation,ANN_EIRLPRJ_01331,54142ebb-32e4-4765-881c-8ad2f7c2b8d6,keep,visually_valid,unknown,,,
annotation,ANN_EIRLPRJ_01331,5421e870-3940-4823-b4e6-33661e157205,keep,visually_valid,unknown,,,
annotation,ANN_EIRLPRJ_01331,548ee7a8-2d10-4002-af0a-210e3b0aa40d,keep,visually_valid,unknown,,,
annotation,ANN_EIRLPRJ_01331,54efab9e-ec70-4f93-b525-b6984c54d5cf,keep,visually_valid,unknown,,,
annotation,ANN_EIRLPRJ_01331,5572a1d2-c454-4a2a-9002-05f2edab93da,keep,visually_valid,unknown,,,
annotation,ANN_EIRLPRJ_01331,5573052b-6e81-4179-8cdf-613f0bcff32c,keep,true_small_lesion,unknown,,,
annotation,ANN_EIRLPRJ_01331,557890b4-1dd4-4c78-b993-dedd7c11d0c7,keep,visually_valid,unknown,,,
annotation,ANN_EIRLPRJ_01331,55a3bd94-2c17-4333-8a8d-ea7ea960b55a,keep,visually_valid,unknown,,,
annotation,ANN_EIRLPRJ_01331,55cd802e-c2d0-4f0e-ac48-db0c5d857d10,keep,visually_valid,unknown,,,
annotation,ANN_EIRLPRJ_01331,55d38bab-8f24-494c-aef3-6e9519e76443,keep,visually_valid,unknown,,,
annotation,ANN_EIRLPRJ_01331,5687eb42-b4dd-4cd3-b14b-ede3c80ab011,keep,visually_valid,unknown,,,
annotation,ANN_EIRLPRJ_01331,56fa7e76-6788-4732-9a3b-9d137b5f2ef9,keep,visually_valid,unknown,,,
annotation,ANN_EIRLPRJ_01331,570658e0-ea87-4d39-b9c1-9e8c27cfe040,keep,visually_valid,unknown,,,
annotation,ANN_EIRLPRJ_01331,57e91ea0-cfde-4eb5-911c-fce8c43b1027,keep,true_small_lesion,unknown,,,
annotation,ANN_EIRLPRJ_01331,57f108fd-a0a6-4e53-b2d3-d58a2cfd48b7,keep,visually_valid,unknown,,,
annotation,ANN_EIRLPRJ_01331,58837442-91b0-45b0-b9e9-87da3d7b31ce,keep,true_small_lesion,unknown,,,
annotation,ANN_EIRLPRJ_01331,58f17835-0fa4-412a-8f7c-952c00c526ef,keep,visually_valid,unknown,,,
annotation,ANN_EIRLPRJ_01331,5916d83a-6e0b-4c3f-b99f-03a6a4ee9c02,keep,visually_valid,unknown,,,
annotation,ANN_EIRLPRJ_01331,5a0a7b70-2550-400a-88fa-fc056db08b94,keep,visually_valid,unknown,,,
annotation,ANN_EIRLPRJ_01331,5a1be68b-7c6c-477f-bf80-1e245c7f2cbc,keep,visually_valid,unknown,,,
annotation,ANN_EIRLPRJ_01331,5ac82a68-8668-4609-a06a-75062353ad17,keep,visually_valid,unknown,,,
annotation,ANN_EIRLPRJ_01331,5b35b412-edc0-42e8-a7aa-c560aa8356c9,keep,visually_valid,unknown,,,
annotation,ANN_EIRLPRJ_01331,5bc9bb1b-01ef-40e8-ab3d-6d04f25da393,keep,visually_valid,unknown,,,
annotation,ANN_EIRLPRJ_01331,5c2b5c13-4a68-400b-b290-d4e2c56d27de,keep,visually_valid,unknown,,,
annotation,ANN_EIRLPRJ_01331,5cb48a87-3132-4e0a-9d89-8cb2c8ebe9e6,keep,visually_valid,unknown,,,
annotation,ANN_EIRLPRJ_01331,5cffa8a6-2977-4a49-bfd3-e99cfa58bca8,keep,visually_valid,unknown,,,
annotation,ANN_EIRLPRJ_01331,5d277a72-60ca-4809-8724-de85050a8721,keep,visually_valid,unknown,,,
annotation,ANN_EIRLPRJ_01331,5d59fd78-a14e-4cbd-bbc8-8fa3119c7790,keep,visually_valid,unknown,,,
annotation,ANN_EIRLPRJ_01331,5d78ab5e-f80a-4cd5-9a53-25496be61dd1,keep,visually_valid,unknown,,,
annotation,ANN_EIRLPRJ_01331,5d96269a-bd88-4736-a35f-aec2adbdc6f1,keep,visually_valid,unknown,,,
annotation,ANN_EIRLPRJ_01331,5da81fcf-d730-473f-a836-88ff573ff0ea,keep,visually_valid,unknown,,,
annotation,ANN_EIRLPRJ_01331,5e6dc125-be17-42b2-8bca-7f47aaaacf88,keep,visually_valid,unknown,,,
annotation,ANN_EIRLPRJ_01331,5e8dfa49-a677-49f8-8b85-6f60d756c4aa,keep,visually_valid,unknown,,,
annotation,ANN_EIRLPRJ_01331,5e903e0b-f65a-4220-8ef1-49c04767119d,keep,visually_valid,unknown,,,
annotation,ANN_EIRLPRJ_01331,5f56036f-adae-4dd7-b986-1ce5d0f091e1,keep,visually_valid,unknown,,,
annotation,ANN_EIRLPRJ_01331,602d0b43-36a8-4640-b5f0-7a53165e08dc,keep,visually_valid,unknown,,,
annotation,ANN_EIRLPRJ_01331,609257f8-f941-45d4-b1ef-e0dd73d1e80f,keep,visually_valid,unknown,,,
annotation,ANN_EIRLPRJ_01331,60cffe51-27d4-485f-bc94-41187faf8d1a,keep,visually_valid,unknown,,,
annotation,ANN_EIRLPRJ_01331,60e36fb7-fe16-4b86-918d-adc9441f7ff5,keep,visually_valid,unknown,,,
annotation,ANN_EIRLPRJ_01331,61140761-83a8-4bbc-a7dc-c23f465cabec,keep,visually_valid,unknown,,,
annotation,ANN_EIRLPRJ_01331,61500009-d046-46cf-9568-52d147678fe3,keep,visually_valid,unknown,,,
annotation,ANN_EIRLPRJ_01331,615d797a-4c8f-482b-9455-d405e80c11b1,keep,visually_valid,unknown,,,
annotation,ANN_EIRLPRJ_01331,616213f5-f125-445b-8e0c-61970e81fccc,keep,visually_valid,unknown,,,
annotation,ANN_EIRLPRJ_01331,6196b057-406c-4a67-b807-689b84928eeb,keep,visually_valid,unknown,,,
annotation,ANN_EIRLPRJ_01331,61edad6b-3055-4a9c-9667-198e8f233532,keep,visually_valid,unknown,,,
annotation,ANN_EIRLPRJ_01331,623f3d22-6d29-4898-aebf-d73970067cc2,keep,visually_valid,unknown,,,
annotation,ANN_EIRLPRJ_01331,6327f45a-9806-4e0a-ab02-422f25b181aa,keep,visually_valid,unknown,,,
annotation,ANN_EIRLPRJ_01331,63dde2bc-8481-423e-89ab-46e843437ca0,keep,visually_valid,unknown,,,
annotation,ANN_EIRLPRJ_01331,65d61636-0580-4b10-a34a-8dd3f1e84291,keep,visually_valid,unknown,,,
annotation,ANN_EIRLPRJ_01331,6614d6e8-75bb-4e0d-a04a-2a910b0715b3,keep,visually_valid,unknown,,,
annotation,ANN_EIRLPRJ_01331,664a862a-fec2-49e2-9b88-36941476870c,keep,visually_valid,unknown,,,
annotation,ANN_EIRLPRJ_01331,666899b6-33ca-4009-bf30-78c919cd3d49,keep,visually_valid,unknown,,,
annotation,ANN_EIRLPRJ_01331,66a839ea-b467-46db-ac88-238b2d0da65b,keep,visually_valid,unknown,,,
annotation,ANN_EIRLPRJ_01331,66bac8fd-96ad-4699-9c50-d5575f32fa6c,keep,visually_valid,unknown,,,
annotation,ANN_EIRLPRJ_01331,66bce36c-cc59-4c1d-92d4-4ef9aa20a973,keep,visually_valid,unknown,,,
annotation,ANN_EIRLPRJ_01331,67470de8-0972-4506-a763-3d83623492bf,keep,visually_valid,unknown,,,
annotation,ANN_EIRLPRJ_01331,676b3004-b325-40dd-b82c-16422ba21ab5,keep,visually_valid,unknown,,,
annotation,ANN_EIRLPRJ_01331,67b015d3-d8d4-4821-8676-625a3725624b,keep,visually_valid,unknown,,,
annotation,ANN_EIRLPRJ_01331,67b0a2b0-8473-4469-a632-aa727a2ca446,keep,visually_valid,unknown,,,
annotation,ANN_EIRLPRJ_01331,6add16fd-6a51-433b-b623-bc87403d150f,keep,visually_valid,unknown,,,
annotation,ANN_EIRLPRJ_01331,6ade1403-7db2-463f-91f1-478a6e3e79a8,keep,visually_valid,unknown,,,
annotation,ANN_EIRLPRJ_01331,6bb6f3c2-9c0f-4c7f-959c-917ebc9674d9,keep,visually_valid,unknown,,,
annotation,ANN_EIRLPRJ_01331,6c99c9d7-575e-4989-9e0c-f8aa8038a74c,keep,visually_valid,unknown,,,
annotation,ANN_EIRLPRJ_01331,6cb44c90-3075-4def-aa69-d29759e194fe,keep,visually_valid,unknown,,,
annotation,ANN_EIRLPRJ_01331,6ddde2f3-3110-4172-baab-1002bd7040ad,keep,visually_valid,unknown,,,
annotation,ANN_EIRLPRJ_01331,6e6fbefe-987c-49da-b63d-5d1bebd1aa63,keep,true_small_lesion,unknown,,,
annotation,ANN_EIRLPRJ_01331,6e91032a-f810-4ae3-bf81-393913774367,keep,visually_valid,unknown,,,
annotation,ANN_EIRLPRJ_01331,6edd829e-1f94-411d-b181-bebb395c64c2,keep,visually_valid,unknown,,,
annotation,ANN_EIRLPRJ_01331,6f1abec5-e42f-4e50-8da6-5e55d77aef9d,keep,visually_valid,unknown,,,
annotation,ANN_EIRLPRJ_01331,6f54f396-68e5-44be-8116-df2f5fe13dda,keep,visually_valid,unknown,,,
annotation,ANN_EIRLPRJ_01331,6f6c2a9c-af84-4c61-9842-110839fa1aee,keep,visually_valid,unknown,,,
annotation,ANN_EIRLPRJ_01331,6f78ec4e-32fd-47f1-adba-6265cab11e48,keep,visually_valid,unknown,,,
annotation,ANN_EIRLPRJ_01331,6ffa117d-c1b8-42cd-93d2-8b46833cb0c9,keep,visually_valid,unknown,,,
annotation,ANN_EIRLPRJ_01331,701e4279-1d92-4f66-b0eb-2603271f44eb,keep,visually_valid,unknown,,,
annotation,ANN_EIRLPRJ_01331,7059b075-2747-4d19-9f0d-075226236dcd,keep,visually_valid,unknown,,,
annotation,ANN_EIRLPRJ_01331,706ddd58-2a81-4f50-b380-19e9382588e6,keep,true_small_lesion,unknown,,,
annotation,ANN_EIRLPRJ_01331,707c0904-df14-419b-9de4-554edb72886c,keep,visually_valid,unknown,,,
annotation,ANN_EIRLPRJ_01331,707c3442-b374-4bb9-aad6-cbd736df10d3,keep,visually_valid,unknown,,,
annotation,ANN_EIRLPRJ_01331,70b81d18-9116-4629-a451-94fec61fef22,keep,visually_valid,unknown,,,
annotation,ANN_EIRLPRJ_01331,71226536-603a-4039-a6c5-0db7a3a7271c,keep,visually_valid,unknown,,,
annotation,ANN_EIRLPRJ_01331,715f3d32-1a43-43c8-bd4b-3a2f7eb71a38,keep,visually_valid,unknown,,,
annotation,ANN_EIRLPRJ_01331,719ac143-8a7f-45ee-8ba8-e2786a18376d,keep,visually_valid,unknown,,,
annotation,ANN_EIRLPRJ_01331,71e5c68a-c92e-4e21-8149-74242a84ff75,keep,visually_valid,unknown,,,
annotation,ANN_EIRLPRJ_01331,729624ad-8823-4539-8b3a-183bd9262719,keep,visually_valid,unknown,,,
annotation,ANN_EIRLPRJ_01331,733869e8-66dc-40ca-ac1e-1130a6dd7c2e,keep,visually_valid,unknown,,,
annotation,ANN_EIRLPRJ_01331,737fe69a-b3f4-470b-906b-03b772abfdd2,keep,visually_valid,unknown,,,
annotation,ANN_EIRLPRJ_01331,73a3b6b7-7ba9-4786-9cce-bcf85e2e2bb6,keep,visually_valid,unknown,,,
annotation,ANN_EIRLPRJ_01331,74169667-ab86-4dea-9988-e8cb742cf3e9,keep,visually_valid,unknown,,,
annotation,ANN_EIRLPRJ_01331,75288663-1cbd-4173-b18a-4036554c13b8,keep,visually_valid,unknown,,,
annotation,ANN_EIRLPRJ_01331,754e99f4-3012-4e0e-8027-2b59157e50cf,keep,visually_valid,unknown,,,
annotation,ANN_EIRLPRJ_01331,75fc141a-a140-4027-835d-77fba53e123a,keep,visually_valid,unknown,,,
annotation,ANN_EIRLPRJ_01331,7606c0bf-1440-4bbf-b02a-00113d8ad1e2,keep,visually_valid,unknown,,,
annotation,ANN_EIRLPRJ_01331,76c80e78-68ec-4d84-a7a7-2cdfa874137c,keep,visually_valid,unknown,,,
annotation,ANN_EIRLPRJ_01331,773f5987-6493-4d45-bc15-0d8b8bbcbaec,keep,visually_valid,unknown,,,
annotation,ANN_EIRLPRJ_01331,78ebcc81-db17-4c93-957f-688bcd69bee6,keep,visually_valid,unknown,,,
annotation,ANN_EIRLPRJ_01331,7937b110-f0ce-4a9c-9253-f4f4b4e596a4,keep,visually_valid,unknown,,,
annotation,ANN_EIRLPRJ_01331,7939a634-4ede-4e66-a125-1ad3211eede9,keep,visually_valid,unknown,,,
annotation,ANN_EIRLPRJ_01331,799cad4f-7330-405c-aa4a-04b6fbba9b9b,keep,visually_valid,unknown,,,
annotation,ANN_EIRLPRJ_01331,79b8fd3e-5dc7-4139-bb86-3a48d3583014,keep,visually_valid,unknown,,,
annotation,ANN_EIRLPRJ_01331,79ddfbc1-278d-49a4-99c6-9f60638cd432,keep,visually_valid,unknown,,,
annotation,ANN_EIRLPRJ_01331,7a40e180-0eb6-4e10-aae2-fa21e550f9db,keep,visually_valid,unknown,,,
annotation,ANN_EIRLPRJ_01331,7a42791a-0dc4-49fe-af3a-6159bbc8f5bd,keep,true_small_lesion,unknown,,,
annotation,ANN_EIRLPRJ_01331,7a85ef83-3af1-4a5b-bc23-94f219c00a9e,keep,visually_valid,unknown,,,
annotation,ANN_EIRLPRJ_01331,7ab89e32-c93d-4046-ac76-3635ee068b8e,keep,visually_valid,unknown,,,
annotation,ANN_EIRLPRJ_01331,7aff8e30-d64e-4216-88c4-cc2ece9a224a,keep,visually_valid,unknown,,,
annotation,ANN_EIRLPRJ_01331,7b5cc38b-3800-4e52-afe0-52a1c4a7363c,keep,visually_valid,unknown,,,
annotation,ANN_EIRLPRJ_01331,7be67516-91d2-4e0e-ab97-418d22ae6cf3,keep,visually_valid,unknown,,,
annotation,ANN_EIRLPRJ_01331,7c1d3a44-31a2-4f6a-806a-09cad8e3c57a,keep,visually_valid,unknown,,,
annotation,ANN_EIRLPRJ_01331,7d0adcd4-9ed3-4415-b4b3-4411374eb4ec,keep,visually_valid,unknown,,,
annotation,ANN_EIRLPRJ_01331,7d28c51d-8418-4918-9de2-4ed66ba978b4,keep,visually_valid,unknown,,,
annotation,ANN_EIRLPRJ_01331,7d36b234-4299-4b09-b662-c7fa9af26834,keep,visually_valid,unknown,,,
annotation,ANN_EIRLPRJ_01331,7d3d7c84-bbff-4eb2-bb33-c781a638f532,keep,visually_valid,unknown,,,
annotation,ANN_EIRLPRJ_01331,7dec8ab5-bf11-4dc8-8110-4cf765815b2d,keep,visually_valid,unknown,,,
annotation,ANN_EIRLPRJ_01331,7e165717-a8d4-44d0-8199-ba77fd2142ab,keep,,unknown,,,
annotation,ANN_EIRLPRJ_01331,7e71bc3d-9cb9-4feb-978e-99eb24e2c659,keep,visually_valid,unknown,,,
annotation,ANN_EIRLPRJ_01331,7ecaec07-1506-489a-b3c8-9088af582536,keep,visually_valid,unknown,,,
annotation,ANN_EIRLPRJ_01331,7edb1e16-2e9a-43c7-be32-e43ee97e50c7,keep,visually_valid,unknown,,,
annotation,ANN_EIRLPRJ_01331,7edc7a7f-1ac0-4830-8f82-ca4a4fc7dba1,keep,visually_valid,unknown,,,
annotation,ANN_EIRLPRJ_01331,7f745e28-4c3c-4344-b3e9-d882467d3a3b,keep,visually_valid,unknown,,,
annotation,ANN_EIRLPRJ_01331,7ffbf8be-4b96-4b6a-818f-309e3dc6888e,keep,visually_valid,unknown,,,
annotation,ANN_EIRLPRJ_01331,80e081d8-4485-424f-ab6b-8b2309a61c17,keep,visually_valid,unknown,,,
annotation,ANN_EIRLPRJ_01331,80f56b46-e6ef-4b00-9532-76db0d2aaa68,keep,visually_valid,unknown,,,
annotation,ANN_EIRLPRJ_01331,8151866c-9833-4493-b905-b41d7184e325,keep,visually_valid,unknown,,,
annotation,ANN_EIRLPRJ_01331,8187f406-2caa-4d4b-be41-098c1a99687c,keep,visually_valid,unknown,,,
annotation,ANN_EIRLPRJ_01331,82189ee5-e36e-4695-99ce-3e88c4e83b55,keep,visually_valid,unknown,,,
annotation,ANN_EIRLPRJ_01331,825a0a63-82bd-420d-8e50-55ee8dfa4a25,keep,visually_valid,unknown,,,
annotation,ANN_EIRLPRJ_01331,82840d60-e1d7-4fb1-bbb9-ac2c5b3821b7,keep,visually_valid,unknown,,,
annotation,ANN_EIRLPRJ_01331,82d06b3c-fdc0-4077-9db3-ae45614d32c0,keep,visually_valid,unknown,,,
annotation,ANN_EIRLPRJ_01331,83a0d6e2-52da-45e6-a877-ec141fdffee3,keep,visually_valid,unknown,,,
annotation,ANN_EIRLPRJ_01331,83ae5f67-63f9-4135-a838-e2fa2b783e31,keep,visually_valid,unknown,,,
annotation,ANN_EIRLPRJ_01331,8513fe33-3bbd-4d36-a3ff-c1f4363e6c56,keep,true_small_lesion,unknown,,,
annotation,ANN_EIRLPRJ_01331,852613ff-f0b8-4293-96fc-c5b44bad70d0,keep,visually_valid,unknown,,,
annotation,ANN_EIRLPRJ_01331,852da3f7-6877-49a7-9136-6a17c4b712d6,keep,visually_valid,unknown,,,
annotation,ANN_EIRLPRJ_01331,85988e12-59d9-4837-9141-4dc9bc1767aa,keep,visually_valid,unknown,,,
annotation,ANN_EIRLPRJ_01331,860fa4d8-e0a5-4c0e-a889-ae01822fc925,keep,visually_valid,unknown,,,
annotation,ANN_EIRLPRJ_01331,87497dcd-9e78-4299-8459-94b2589433de,keep,visually_valid,unknown,,,
annotation,ANN_EIRLPRJ_01331,882239fd-8bb7-4a7d-9522-85fc26037229,keep,visually_valid,unknown,,,
annotation,ANN_EIRLPRJ_01331,88a76418-1974-4fcf-9719-7283e5aa4fb1,keep,visually_valid,unknown,,,
annotation,ANN_EIRLPRJ_01331,88de07e8-da37-4e2c-bd11-0e2d11693068,keep,visually_valid,unknown,,,
annotation,ANN_EIRLPRJ_01331,894c25f4-0ed1-4bbe-8bc0-3aae6c0a9a91,keep,visually_valid,unknown,,,
annotation,ANN_EIRLPRJ_01331,89f1a651-9944-4ce4-a4ca-862d2038c5ef,keep,visually_valid,unknown,,,
annotation,ANN_EIRLPRJ_01331,8ab10998-42ea-4576-93d9-500873cd009a,keep,visually_valid,unknown,,,
annotation,ANN_EIRLPRJ_01331,8abeb7f8-113b-4bba-b4b4-97da994d1207,keep,visually_valid,unknown,,,
annotation,ANN_EIRLPRJ_01331,8ae00e36-56df-4a3b-ad5d-659398563d09,keep,visually_valid,unknown,,,
annotation,ANN_EIRLPRJ_01331,8b36d6a3-30ac-4717-a426-1755e82313ab,keep,visually_valid,unknown,,,
annotation,ANN_EIRLPRJ_01331,8b8dec51-6a67-49cd-8c8d-5adec1d9f368,keep,visually_valid,unknown,,,
annotation,ANN_EIRLPRJ_01331,8c0e2bda-24d0-4f9a-a19e-5031bab81d3c,keep,visually_valid,unknown,,,
annotation,ANN_EIRLPRJ_01331,8c1bfdce-e6db-4365-9139-b536ba982250,keep,visually_valid,unknown,,,
annotation,ANN_EIRLPRJ_01331,8c718d88-3f2e-4de8-bdfa-c6aff9aeeef8,keep,visually_valid,unknown,,,
annotation,ANN_EIRLPRJ_01331,8cf8d574-eef6-425b-a4b3-1790ef2f782f,keep,visually_valid,unknown,,,
annotation,ANN_EIRLPRJ_01331,8d2f3940-da18-4267-9470-25ab4787eeca,keep,visually_valid,unknown,,,
annotation,ANN_EIRLPRJ_01331,8d4c8b1c-a498-444f-a51f-fe2dfbb2787a,keep,visually_valid,unknown,,,
annotation,ANN_EIRLPRJ_01331,8d967539-8937-4b78-92b8-8ef5c721fe03,keep,visually_valid,unknown,,,
annotation,ANN_EIRLPRJ_01331,8df8facb-e8d4-4893-8f44-6eb3d83610c4,keep,visually_valid,unknown,,,
annotation,ANN_EIRLPRJ_01331,8e7bfb06-0e65-4ba6-ad12-74f2e90c4684,keep,visually_valid,unknown,,,
annotation,ANN_EIRLPRJ_01331,8eada65b-e702-48cc-893f-de393a21292d,keep,visually_valid,unknown,,,
annotation,ANN_EIRLPRJ_01331,8eb1c768-9296-4e8f-b480-ac994743b216,keep,visually_valid,unknown,,,
annotation,ANN_EIRLPRJ_01331,8eb2c974-7b76-498e-aa41-8675084c2ff1,keep,visually_valid,unknown,,,
annotation,ANN_EIRLPRJ_01331,8f67e119-5169-4cde-aa9a-e9a3d85c6a4f,keep,visually_valid,unknown,,,
annotation,ANN_EIRLPRJ_01331,8fab7c83-b899-4a63-ac64-7b733cb876f3,keep,visually_valid,unknown,,,
annotation,ANN_EIRLPRJ_01331,903582d7-790b-4c95-aa2a-7fe1f509311e,keep,visually_valid,unknown,,,
annotation,ANN_EIRLPRJ_01331,9147eb34-fac1-4e39-8681-6a624004309d,keep,visually_valid,unknown,,,
annotation,ANN_EIRLPRJ_01331,920d074c-8d05-4226-99f3-0f8a3d05f5ed,keep,visually_valid,unknown,,,
annotation,ANN_EIRLPRJ_01331,922611a0-c118-4ac0-a89d-8469d5a7aa98,keep,visually_valid,unknown,,,
annotation,ANN_EIRLPRJ_01331,9389fc5d-4b44-46c1-a076-509b1acf7620,keep,visually_valid,unknown,,,
annotation,ANN_EIRLPRJ_01331,93b59bee-3138-4c8e-afd4-b2d0db8b4d85,keep,visually_valid,unknown,,,
annotation,ANN_EIRLPRJ_01331,93e8ea3d-aba4-4a80-8489-f58d0b29ac20,keep,true_small_lesion,unknown,,,
annotation,ANN_EIRLPRJ_01331,9403bc3e-daf3-4272-ba5f-c12f562f46ae,keep,visually_valid,unknown,,,
annotation,ANN_EIRLPRJ_01331,94f6536b-68e9-4058-933e-2d70e84cc201,keep,visually_valid,unknown,,,
annotation,ANN_EIRLPRJ_01331,9515f239-f45a-42da-b651-3048508881dc,keep,visually_valid,unknown,,,
annotation,ANN_EIRLPRJ_01331,95868012-0917-447a-9c87-2282f15b7468,keep,visually_valid,unknown,,,
annotation,ANN_EIRLPRJ_01331,95b15289-502e-4ef9-8637-41ce352d3083,keep,visually_valid,unknown,,,
annotation,ANN_EIRLPRJ_01331,96d29229-5e04-4d38-b92e-72b76dd2cc81,keep,visually_valid,unknown,,,
annotation,ANN_EIRLPRJ_01331,979657a5-fd1b-4336-8610-90a05ba86350,keep,visually_valid,unknown,,,
annotation,ANN_EIRLPRJ_01331,979802b5-d79d-4970-82ff-df8a1c320edd,keep,visually_valid,unknown,,,
annotation,ANN_EIRLPRJ_01331,97e4fe55-9fa4-4c91-b6b0-b61ce93b009f,keep,visually_valid,unknown,,,
annotation,ANN_EIRLPRJ_01331,97fcc209-41cc-47f3-9f56-246cdcd3bbc5,keep,visually_valid,unknown,,,
annotation,ANN_EIRLPRJ_01331,98f1f4b7-1186-4ab5-9ea8-2cf91168e6f6,keep,visually_valid,unknown,,,
annotation,ANN_EIRLPRJ_01331,990f3444-8857-44a8-8fe5-efefb7e55b72,keep,visually_valid,unknown,,,
annotation,ANN_EIRLPRJ_01331,9911d204-d367-4144-ab91-bce8b378a170,keep,visually_valid,unknown,,,
annotation,ANN_EIRLPRJ_01331,99b3f161-2026-4cbc-b25a-67d042ae135b,keep,visually_valid,unknown,,,
annotation,ANN_EIRLPRJ_01331,9b0f4de1-c581-4a06-ac97-8e3fa7067f27,keep,visually_valid,unknown,,,
annotation,ANN_EIRLPRJ_01331,9b7977cd-784e-4f3e-9ace-5328fb504181,keep,visually_valid,unknown,,,
annotation,ANN_EIRLPRJ_01331,9c6c85b0-a271-4441-ad19-42f5cbc81d81,keep,visually_valid,unknown,,,
annotation,ANN_EIRLPRJ_01331,9c86a99c-a5db-430d-841a-ebe38eb4c1f7,keep,visually_valid,unknown,,,
annotation,ANN_EIRLPRJ_01331,9cc0ce64-347e-408a-a087-56373d02138d,keep,visually_valid,unknown,,,
annotation,ANN_EIRLPRJ_01331,9cddf993-beb6-49e7-a2a4-7a9efb93d12e,keep,visually_valid,unknown,,,
annotation,ANN_EIRLPRJ_01331,9d4da320-90f4-4afd-a488-fe39d9ce2acb,keep,visually_valid,unknown,,,
annotation,ANN_EIRLPRJ_01331,9da82670-f0d4-406e-8794-f36e6d0149bc,keep,visually_valid,unknown,,,
annotation,ANN_EIRLPRJ_01331,9db9927a-61f7-494f-a923-ac2840df85d2,keep,visually_valid,unknown,,,
annotation,ANN_EIRLPRJ_01331,9e1e7577-8b1e-41ea-923e-5952563d8b6c,keep,visually_valid,unknown,,,
annotation,ANN_EIRLPRJ_01331,9e431914-336d-47dd-94e2-12a26296d24c,keep,visually_valid,unknown,,,
annotation,ANN_EIRLPRJ_01331,9e4eca93-a795-4611-9c49-b79c5e63a8b2,keep,visually_valid|invalid_annotation,unknown,,,
annotation,ANN_EIRLPRJ_01331,9f6cd7ea-4347-4f79-9b35-096a35914890,keep,visually_valid,unknown,,,
annotation,ANN_EIRLPRJ_01331,9fa6e671-7c71-4047-b872-1ad6f281e7ef,keep,visually_valid,unknown,,,
annotation,ANN_EIRLPRJ_01331,9fb87c7d-ae85-472a-8781-57367c750171,keep,visually_valid,unknown,,,
annotation,ANN_EIRLPRJ_01331,9fe6b501-a9df-443f-8787-0e8dbbb781ee,keep,true_small_lesion,unknown,,,
annotation,ANN_EIRLPRJ_01331,a02645d8-8344-406e-aa3f-b08adee4d412,keep,visually_valid,unknown,,,
annotation,ANN_EIRLPRJ_01331,a0a66070-e7d1-4514-9f2b-0be1f47eeb2f,keep,visually_valid,unknown,,,
annotation,ANN_EIRLPRJ_01331,a0d0ad06-8fa2-4d49-8485-d8bde5ce4142,keep,visually_valid,unknown,,,
annotation,ANN_EIRLPRJ_01331,a12d9a65-1a06-456d-9d64-36ea40f5c0b2,keep,visually_valid,unknown,,,
annotation,ANN_EIRLPRJ_01331,a1645514-7882-4565-95aa-83045be886fc,keep,visually_valid,unknown,,,
annotation,ANN_EIRLPRJ_01331,a1647cc7-2bae-4ee5-b211-e1b8af993bd9,keep,visually_valid,unknown,,,
annotation,ANN_EIRLPRJ_01331,a29226f0-3162-42a3-8070-40bd379bec8e,keep,visually_valid,unknown,,,
annotation,ANN_EIRLPRJ_01331,a3073b24-f067-42f8-9be1-2bf0488b9d34,keep,visually_valid,unknown,,,
annotation,ANN_EIRLPRJ_01331,a422e82e-a9f9-4b11-abb1-dc6b241cefd2,keep,visually_valid,unknown,,,
annotation,ANN_EIRLPRJ_01331,a46250b7-1e80-453c-94c2-9be007ea91fd,keep,visually_valid,unknown,,,
annotation,ANN_EIRLPRJ_01331,a46fb3b7-774a-4cfa-84d6-5b71e20949e0,keep,visually_valid,unknown,,,
annotation,ANN_EIRLPRJ_01331,a5a8d222-2acc-4ba4-9269-936bbb849e50,keep,visually_valid,unknown,,,
annotation,ANN_EIRLPRJ_01331,a5ad788a-324d-4983-84b5-f05ee867a379,keep,visually_valid,unknown,,,
annotation,ANN_EIRLPRJ_01331,a5ef584b-b9d7-434d-835f-8d905debacd7,keep,visually_valid,unknown,,,
annotation,ANN_EIRLPRJ_01331,a61a40bb-29f3-4a59-85c3-9ef5d7beb1ff,keep,visually_valid,unknown,,,
annotation,ANN_EIRLPRJ_01331,a65346a8-94c0-438e-9ede-f3107868228f,keep,visually_valid,unknown,,,
annotation,ANN_EIRLPRJ_01331,a65d9f44-3ba4-418c-b6a9-c73adaa579db,keep,visually_valid,unknown,,,
annotation,ANN_EIRLPRJ_01331,a6e23fdf-87a3-4425-bcb8-66e93ac75911,keep,,unknown,,,
annotation,ANN_EIRLPRJ_01331,a77bb34a-35a9-4aa9-b46c-b3ea364cbae3,keep,visually_valid,unknown,,,
annotation,ANN_EIRLPRJ_01331,a7c72bd8-2633-4cae-bf4a-198b86227501,keep,visually_valid,unknown,,,
annotation,ANN_EIRLPRJ_01331,a836210d-015b-417d-9999-06007d0c1422,keep,visually_valid,unknown,,,
annotation,ANN_EIRLPRJ_01331,a83894b8-49d1-4f75-8249-dde0b9e6ac22,keep,visually_valid,unknown,,,
annotation,ANN_EIRLPRJ_01331,a8cc0b90-720e-49bd-87a5-cdac75b8a58c,keep,visually_valid,unknown,,,
annotation,ANN_EIRLPRJ_01331,a8eb394c-ee74-4b17-b350-38e63ffa993e,keep,visually_valid,unknown,,,
annotation,ANN_EIRLPRJ_01331,a8fc8cf2-e982-4564-a923-db091c7fc321,keep,visually_valid,unknown,,,
annotation,ANN_EIRLPRJ_01331,a90afdea-271d-47a6-8c65-866f16a598aa,keep,visually_valid,unknown,,,
annotation,ANN_EIRLPRJ_01331,a9374d63-2868-431a-82cb-92251315713f,keep,visually_valid,unknown,,,
annotation,ANN_EIRLPRJ_01331,a95fd393-3d4c-4e49-8f61-2318b878d7f9,keep,visually_valid,unknown,,,
annotation,ANN_EIRLPRJ_01331,a9b9135d-eef1-48f0-86d3-e886f8528b32,keep,visually_valid,unknown,,,
annotation,ANN_EIRLPRJ_01331,a9c210f4-e977-447f-81de-fb6b6166ee6b,keep,visually_valid,unknown,,,
annotation,ANN_EIRLPRJ_01331,aa3e6d93-cb20-4d2c-8cca-d2a9c1e5d4bf,keep,visually_valid,unknown,,,
annotation,ANN_EIRLPRJ_01331,aa9226cf-3249-4e4a-b91a-7570f257ab4d,keep,visually_valid,unknown,,,
annotation,ANN_EIRLPRJ_01331,aaa16c9a-24fe-4f21-97a7-15f8b5f9c256,keep,visually_valid,unknown,,,
annotation,ANN_EIRLPRJ_01331,aab4da54-5240-4946-8afe-51127753a938,keep,visually_valid,unknown,,,
annotation,ANN_EIRLPRJ_01331,aaba9418-51ce-4017-b412-75a966fc8d86,keep,visually_valid,unknown,,,
annotation,ANN_EIRLPRJ_01331,aadbc117-fb4b-4424-af90-71b283e08a81,keep,visually_valid,unknown,,,
annotation,ANN_EIRLPRJ_01331,ac9034ab-e8c5-473a-a7d5-906575bf8e3c,keep,visually_valid,unknown,,,
annotation,ANN_EIRLPRJ_01331,ad02ba78-b6c7-446a-9495-bf12125da073,keep,visually_valid,unknown,,,
annotation,ANN_EIRLPRJ_01331,ad4c957e-3b32-499a-94bd-a27d3a16b387,keep,visually_valid,unknown,,,
annotation,ANN_EIRLPRJ_01331,ad941196-a21e-4f06-8590-1d016ac26560,keep,visually_valid,unknown,,,
annotation,ANN_EIRLPRJ_01331,ae043907-d1ce-423a-a4b9-32d8b8703fa7,keep,visually_valid,unknown,,,
annotation,ANN_EIRLPRJ_01331,ae8720db-c3da-44c3-b390-3949583e8dc8,keep,visually_valid,unknown,,,
annotation,ANN_EIRLPRJ_01331,aec51aa8-a7c5-4cd3-adb6-b029d45c9481,keep,visually_valid,unknown,,,
annotation,ANN_EIRLPRJ_01331,aef0c94e-4f5c-41f9-a5f3-f715c19ca1f5,keep,,unknown,,,
annotation,ANN_EIRLPRJ_01331,af201275-84d3-4caf-ac16-937efc659630,keep,visually_valid,unknown,,,
annotation,ANN_EIRLPRJ_01331,afbcad5d-c009-4b4c-895f-c828fc4327c0,keep,visually_valid,unknown,,,
annotation,ANN_EIRLPRJ_01331,afd17d28-3464-42ef-950a-3c66f77920a9,keep,visually_valid,unknown,,,
annotation,ANN_EIRLPRJ_01331,b0563cde-365d-4618-8a6d-458edc6a6a66,keep,visually_valid,unknown,,,
annotation,ANN_EIRLPRJ_01331,b0b76553-1d44-4139-bfa7-a593953074ac,keep,visually_valid,unknown,,,
annotation,ANN_EIRLPRJ_01331,b16d18c7-7897-4694-afe3-5462e8b54897,keep,visually_valid,unknown,,,
annotation,ANN_EIRLPRJ_01331,b251fd88-a539-46b1-9e89-524e9553ce50,keep,visually_valid,unknown,,,
annotation,ANN_EIRLPRJ_01331,b2b452ad-90ec-4926-934e-646d45f58190,keep,visually_valid,unknown,,,
annotation,ANN_EIRLPRJ_01331,b2f3a2e5-8b0e-4e4c-a5df-249deb7b01af,keep,visually_valid,unknown,,,
annotation,ANN_EIRLPRJ_01331,b32f7fd4-209a-42d5-9d5e-3719bef45ab8,keep,true_small_lesion,unknown,,,
annotation,ANN_EIRLPRJ_01331,b3313d26-b8e4-4a99-b679-b37ed4dc0a26,keep,visually_valid,unknown,,,
annotation,ANN_EIRLPRJ_01331,b34590b4-38f6-4181-bffb-96904344dedd,keep,visually_valid,unknown,,,
annotation,ANN_EIRLPRJ_01331,b3d6da22-e0c5-46e0-a9b7-f733b7fffd79,keep,visually_valid,unknown,,,
annotation,ANN_EIRLPRJ_01331,b42d23f1-50b5-46c5-8dcd-b81c77b03dd1,keep,visually_valid,unknown,,,
annotation,ANN_EIRLPRJ_01331,b4ca00c4-890a-44a6-b1bd-79677c3ff53a,keep,visually_valid,unknown,,,
annotation,ANN_EIRLPRJ_01331,b4d4ebca-5539-473e-a682-a98cab60b82c,keep,visually_valid,unknown,,,
annotation,ANN_EIRLPRJ_01331,b5a34428-f3d3-42ec-bede-ede29238028d,keep,visually_valid,unknown,,,
annotation,ANN_EIRLPRJ_01331,b6036e10-5d13-4670-b944-54f8ab86857e,keep,visually_valid,unknown,,,
annotation,ANN_EIRLPRJ_01331,b61152fb-9aa2-448a-9f84-4fed32a3988d,keep,visually_valid,unknown,,,
annotation,ANN_EIRLPRJ_01331,b67e8f64-c021-41d2-84b4-db11681920da,keep,visually_valid,unknown,,,
annotation,ANN_EIRLPRJ_01331,b7158bc8-4bfb-4570-97d4-c93807899345,keep,visually_valid,unknown,,,
annotation,ANN_EIRLPRJ_01331,b7aa267d-9d06-4342-905d-fa4d02262656,keep,visually_valid,unknown,,,
annotation,ANN_EIRLPRJ_01331,b7d775bd-6a43-481f-9ce3-f81c0c230b4b,keep,visually_valid,unknown,,,
annotation,ANN_EIRLPRJ_01331,b8938a2e-6897-48fa-9d9b-476129ab25dc,keep,visually_valid,unknown,,,
annotation,ANN_EIRLPRJ_01331,b8e46735-1643-4f34-9b16-0b460ddfb0f7,keep,visually_valid,unknown,,,
annotation,ANN_EIRLPRJ_01331,b9ccd769-8b44-4d5b-a7a0-7a4f96a14b1a,keep,visually_valid,unknown,,,
annotation,ANN_EIRLPRJ_01331,b9d88f2e-54dd-423f-ac2b-6f59e1243820,keep,visually_valid,unknown,,,
annotation,ANN_EIRLPRJ_01331,b9eadac3-1f27-4ee8-b6fa-232a47507886,keep,visually_valid,unknown,,,
annotation,ANN_EIRLPRJ_01331,ba0258d9-2b76-4795-b592-22616a264231,keep,visually_valid,unknown,,,
annotation,ANN_EIRLPRJ_01331,ba81f7e4-284e-4be8-85f1-5f4d2f504a9c,keep,visually_valid,unknown,,,
annotation,ANN_EIRLPRJ_01331,bad8f23e-f1b7-482b-80c1-36dd0bcaa1ed,keep,visually_valid,unknown,,,
annotation,ANN_EIRLPRJ_01331,bb583eb5-86dd-4078-8b3b-409b26007944,keep,visually_valid,unknown,,,
annotation,ANN_EIRLPRJ_01331,bc4f3a1d-fe62-4e5a-9b6b-9db66374368b,keep,visually_valid,unknown,,,
annotation,ANN_EIRLPRJ_01331,bd40e726-2fe8-4399-a194-0709742ff8e0,keep,visually_valid,unknown,,,
annotation,ANN_EIRLPRJ_01331,bda4b0d8-e514-495a-a0a0-4048114667ff,keep,visually_valid,unknown,,,
annotation,ANN_EIRLPRJ_01331,bddb373e-c92d-41bc-9c38-8d930d5a68a1,keep,visually_valid,unknown,,,
annotation,ANN_EIRLPRJ_01331,bded0511-74cf-4783-97cd-47bfb74e7867,keep,visually_valid,unknown,,,
annotation,ANN_EIRLPRJ_01331,be42cce8-0d77-4d14-b2e9-0f0449be5834,keep,visually_valid,unknown,,,
annotation,ANN_EIRLPRJ_01331,bee35f39-af38-4f31-8573-d169597cf04b,keep,visually_valid,unknown,,,
annotation,ANN_EIRLPRJ_01331,bee62e47-8f69-423a-bed4-9cf458648f18,keep,visually_valid,unknown,,,
annotation,ANN_EIRLPRJ_01331,bfdd63d9-5ea5-4c56-9b51-ce857430af19,keep,visually_valid,unknown,,,
annotation,ANN_EIRLPRJ_01331,c0127d13-421f-4ebd-91f9-275b6327d3bf,keep,visually_valid,unknown,,,
annotation,ANN_EIRLPRJ_01331,c02fb360-b279-477a-be9a-dbf05b13e5c6,keep,visually_valid,unknown,,,
annotation,ANN_EIRLPRJ_01331,c0318673-a9b4-448e-8f1a-02cc608a7b09,keep,visually_valid,unknown,,,
annotation,ANN_EIRLPRJ_01331,c0538298-0ce9-4ccc-bbaf-0247e01fa693,keep,visually_valid,unknown,,,
annotation,ANN_EIRLPRJ_01331,c0a679b9-6e20-4824-a4f7-225e850dd198,keep,visually_valid,unknown,,,
annotation,ANN_EIRLPRJ_01331,c0a90f64-74f2-4515-a9f3-ff7ba7c92834,keep,visually_valid,unknown,,,
annotation,ANN_EIRLPRJ_01331,c119ce3d-1007-4f71-97f1-2593d6a27742,keep,visually_valid,unknown,,,
annotation,ANN_EIRLPRJ_01331,c138a5d6-70bf-4367-83f0-be0579b0af82,keep,visually_valid,unknown,,,
annotation,ANN_EIRLPRJ_01331,c297f402-2561-427c-bc5d-40a5dcf88643,keep,visually_valid,unknown,,,
annotation,ANN_EIRLPRJ_01331,c2b918b4-7b53-410f-b470-7a44f9173f2d,keep,visually_valid,unknown,,,
annotation,ANN_EIRLPRJ_01331,c3557ca7-eb51-4505-a06a-6d3d0dcd9d83,keep,visually_valid,unknown,,,
annotation,ANN_EIRLPRJ_01331,c368c046-9ba1-4a07-80f4-8948b881f644,keep,visually_valid,unknown,,,
annotation,ANN_EIRLPRJ_01331,c37dad48-3f30-4f63-99b3-5ccdb4d99598,keep,visually_valid,unknown,,,
annotation,ANN_EIRLPRJ_01331,c3bbbbf5-8f1c-49ba-b673-97f3e908a402,keep,visually_valid,unknown,,,
annotation,ANN_EIRLPRJ_01331,c3dd0913-59dc-43df-9ce3-881c46f2b5c8,keep,visually_valid,unknown,,,
annotation,ANN_EIRLPRJ_01331,c3ed0f6f-9c87-4649-b4c5-c88a8b767005,keep,visually_valid,unknown,,,
annotation,ANN_EIRLPRJ_01331,c4070bde-9ee9-4f23-a522-568f4df51b2c,keep,visually_valid,unknown,,,
annotation,ANN_EIRLPRJ_01331,c4588e8b-33d4-4d4c-bfea-5c037f24418f,keep,visually_valid,unknown,,,
annotation,ANN_EIRLPRJ_01331,c4a97084-f7bd-4517-90d5-abcb06f4b2f6,keep,visually_valid,unknown,,,
annotation,ANN_EIRLPRJ_01331,c669a80c-5604-4e81-ac98-d9682e6b0fc7,keep,visually_valid,unknown,,,
annotation,ANN_EIRLPRJ_01331,c67e446f-bbcf-4ae9-b0cf-651b5da39698,keep,visually_valid,unknown,,,
annotation,ANN_EIRLPRJ_01331,c69e77e2-86d1-484a-8130-a69a5d07f5d6,keep,visually_valid,unknown,,,
annotation,ANN_EIRLPRJ_01331,c6def5c3-5b6d-4edb-837e-32b84dabdf26,keep,visually_valid,unknown,,,
annotation,ANN_EIRLPRJ_01331,c6ea5420-3830-42a8-bf9d-5301a61aa374,keep,visually_valid,unknown,,,
annotation,ANN_EIRLPRJ_01331,c71f83e3-13fb-4f98-9328-665d55b1e087,keep,visually_valid,unknown,,,
annotation,ANN_EIRLPRJ_01331,c7c8ac80-e84f-4b7a-9a2d-66835a77d722,keep,visually_valid,unknown,,,
annotation,ANN_EIRLPRJ_01331,c843d972-e7e9-4681-a484-1e3e3e999c28,keep,visually_valid,unknown,,,
annotation,ANN_EIRLPRJ_01331,c864f317-5548-4a87-a545-908c7fe5ba41,keep,visually_valid,unknown,,,
annotation,ANN_EIRLPRJ_01331,c8881e1e-3512-4ac2-bf09-cbe41c20f7d2,keep,visually_valid,unknown,,,
annotation,ANN_EIRLPRJ_01331,c8c4fd51-6eb7-4101-8d4d-930c490ec93b,keep,,unknown,,,
annotation,ANN_EIRLPRJ_01331,c9134467-a1bf-464f-be34-8d159da8ec9a,keep,visually_valid,unknown,,,
annotation,ANN_EIRLPRJ_01331,c9391566-386f-48aa-995e-0ea6a08e1f47,keep,visually_valid,unknown,,,
annotation,ANN_EIRLPRJ_01331,c9bf2cf2-09dd-4366-9f8f-e6e879748b43,keep,visually_valid,unknown,,,
annotation,ANN_EIRLPRJ_01331,ca2bbf13-8e15-4c81-a72a-375eff13217e,keep,visually_valid,unknown,,,
annotation,ANN_EIRLPRJ_01331,ca68e94d-b279-4536-b4a3-ec521420b932,keep,visually_valid,unknown,,,
annotation,ANN_EIRLPRJ_01331,cae94bc2-a3ba-48aa-905f-9c533f3adba3,keep,visually_valid,unknown,,,
annotation,ANN_EIRLPRJ_01331,caf3d3e5-206c-41c7-b1e4-644c9db7e094,keep,visually_valid,unknown,,,
annotation,ANN_EIRLPRJ_01331,cb2c2872-86f2-434c-8efb-f10d2bacfb64,keep,visually_valid,unknown,,,
annotation,ANN_EIRLPRJ_01331,cb739ede-5dd5-4fb6-9986-e7644ab1643a,keep,visually_valid,unknown,,,
annotation,ANN_EIRLPRJ_01331,cb960b37-6aea-49df-a458-cfaee5eedb82,keep,visually_valid,unknown,,,
annotation,ANN_EIRLPRJ_01331,cbe2dc92-591d-4bc4-a755-e310854f756e,keep,visually_valid,unknown,,,
annotation,ANN_EIRLPRJ_01331,cd61ac6f-0521-4c49-8794-b07662219177,keep,visually_valid,unknown,,,
annotation,ANN_EIRLPRJ_01331,cdabdfd8-ce7e-41fd-b89f-54a6a78b48a3,keep,visually_valid,unknown,,,
annotation,ANN_EIRLPRJ_01331,ce335d20-1351-4f60-8398-8e09f441cd36,keep,visually_valid,unknown,,,
annotation,ANN_EIRLPRJ_01331,ce7054c2-77e7-4a10-b25d-279c55357e90,keep,visually_valid,unknown,,,
annotation,ANN_EIRLPRJ_01331,cf12c24b-5400-4e6c-95d1-db60fb956f23,keep,visually_valid,unknown,,,
annotation,ANN_EIRLPRJ_01331,cf1dd321-f30f-41bd-aeb1-9b0465c43cc7,keep,visually_valid,unknown,,,
annotation,ANN_EIRLPRJ_01331,cfae4caf-d9c3-4991-968f-1cf3ca74d3e7,keep,visually_valid,unknown,,,
annotation,ANN_EIRLPRJ_01331,d00bbf21-d4f6-43b9-80c0-4048d9540837,keep,visually_valid,unknown,,,
annotation,ANN_EIRLPRJ_01331,d0111bf7-e5f4-4448-a53e-7d31d2ef6aaf,keep,visually_valid,unknown,,,
annotation,ANN_EIRLPRJ_01331,d08c375c-7868-4e39-b755-a51a9d84d269,keep,true_small_lesion,unknown,,,
annotation,ANN_EIRLPRJ_01331,d129c810-3976-46b9-9fb5-55d7f9797b80,keep,visually_valid,unknown,,,
annotation,ANN_EIRLPRJ_01331,d17fc8b2-265f-421a-beb9-f8794fb053b7,keep,visually_valid,unknown,,,
annotation,ANN_EIRLPRJ_01331,d18a539a-5fb7-430a-9a2e-a50079c6f593,keep,visually_valid,unknown,,,
annotation,ANN_EIRLPRJ_01331,d1ac536b-ebbb-4925-9564-e7e7fb79cfc7,keep,visually_valid,unknown,,,
annotation,ANN_EIRLPRJ_01331,d201b30b-eed4-4bae-a45e-619560fc07b6,keep,visually_valid,unknown,,,
annotation,ANN_EIRLPRJ_01331,d2d8334d-0767-495a-9cec-28de1f746aad,keep,visually_valid,unknown,,,
annotation,ANN_EIRLPRJ_01331,d2ecd2a0-8787-49d6-8d86-ac2220586813,keep,visually_valid,unknown,,,
annotation,ANN_EIRLPRJ_01331,d2f9e698-1d62-4447-bce8-3974d558ed91,keep,visually_valid,unknown,,,
annotation,ANN_EIRLPRJ_01331,d382a38c-2769-402f-a68b-89bab9318796,keep,visually_valid,unknown,,,
annotation,ANN_EIRLPRJ_01331,d3b6fa34-0e75-49f7-bfc9-5a8fed1a8138,keep,visually_valid,unknown,,,
annotation,ANN_EIRLPRJ_01331,d3e1b4d3-025c-4558-b949-6f86c9344350,keep,visually_valid,unknown,,,
annotation,ANN_EIRLPRJ_01331,d4ee7806-17ea-4e8b-ad52-766b8d35d1a0,keep,visually_valid,unknown,,,
annotation,ANN_EIRLPRJ_01331,d53f597a-9dde-4c62-886c-d41c7445b798,keep,visually_valid,unknown,,,
annotation,ANN_EIRLPRJ_01331,d6735ad5-9823-4124-9be2-d29e1842965d,keep,visually_valid,unknown,,,
annotation,ANN_EIRLPRJ_01331,d6b02e62-9de7-43a1-976d-cb258fef5b66,keep,visually_valid,unknown,,,
annotation,ANN_EIRLPRJ_01331,d6ffd836-da35-4858-b256-cca9810eb413,keep,visually_valid,unknown,,,
annotation,ANN_EIRLPRJ_01331,d76731dc-7c12-4d1b-af33-852d6679c93f,keep,visually_valid,unknown,,,
annotation,ANN_EIRLPRJ_01331,d7e4a23c-729e-4ce9-8245-3f9768e54fc1,keep,visually_valid,unknown,,,
annotation,ANN_EIRLPRJ_01331,d8264f97-91c9-4e36-b541-5414f453527e,keep,visually_valid,unknown,,,
annotation,ANN_EIRLPRJ_01331,d8da24dc-e9df-4c50-9a19-d4fa28aaf4c4,keep,visually_valid,unknown,,,
annotation,ANN_EIRLPRJ_01331,d906cd20-371c-440c-88e3-daca45e5f1bf,keep,visually_valid,unknown,,,
annotation,ANN_EIRLPRJ_01331,d92d6ce2-d738-492f-a071-e05e81c3dcb7,keep,visually_valid,unknown,,,
annotation,ANN_EIRLPRJ_01331,d93d9072-0a6f-47ad-90fc-307066c47854,keep,visually_valid,unknown,,,
annotation,ANN_EIRLPRJ_01331,d9b83834-4ad7-46f2-acda-d54091d2bd0a,keep,visually_valid,unknown,,,
annotation,ANN_EIRLPRJ_01331,da4859f9-93d9-45e0-93d4-0796aad86720,keep,visually_valid,unknown,,,
annotation,ANN_EIRLPRJ_01331,dacd8ea1-8f64-4e45-92ec-77251089377a,keep,visually_valid,unknown,,,
annotation,ANN_EIRLPRJ_01331,dae57ce3-a15a-4627-a9a4-094c4e493262,keep,visually_valid,unknown,,,
annotation,ANN_EIRLPRJ_01331,dae964db-13cf-4b53-b0f8-f2d39770ee03,keep,visually_valid,unknown,,,
annotation,ANN_EIRLPRJ_01331,db116db0-e215-4562-9056-0804bd2e8e4d,keep,visually_valid,unknown,,,
annotation,ANN_EIRLPRJ_01331,db8857cd-579e-4ae5-acb2-00fa1f067454,keep,visually_valid,unknown,,,
annotation,ANN_EIRLPRJ_01331,dbb4c63c-7287-4bcf-a0e7-210641fa276e,keep,visually_valid,unknown,,,
annotation,ANN_EIRLPRJ_01331,dd303907-334f-43c6-9d8f-7fe19a6a3b65,keep,visually_valid,unknown,,,
annotation,ANN_EIRLPRJ_01331,dd481cd6-be4d-49ee-95d5-246ea586fbd2,keep,visually_valid,unknown,,,
annotation,ANN_EIRLPRJ_01331,ddd75b30-7d7a-4a19-adef-7742c2f24db5,keep,visually_valid,unknown,,,
annotation,ANN_EIRLPRJ_01331,dddefdb4-fcec-4150-a3e1-a9829de699ca,keep,visually_valid,unknown,,,
annotation,ANN_EIRLPRJ_01331,df2646a2-3d36-43e8-971e-ce32c8f07713,keep,visually_valid,unknown,,,
annotation,ANN_EIRLPRJ_01331,df80e207-51f2-4246-a365-cbd8e12e3ed5,keep,visually_valid,unknown,,,
annotation,ANN_EIRLPRJ_01331,dfe46faf-d855-45f6-986d-5c147b8cda00,keep,visually_valid,unknown,,,
annotation,ANN_EIRLPRJ_01331,e056b4e5-edce-419a-a496-3f76add80b87,keep,visually_valid,unknown,,,
annotation,ANN_EIRLPRJ_01331,e08fc5ff-2a51-48d1-a367-a4cd469fe95a,keep,visually_valid,unknown,,,
annotation,ANN_EIRLPRJ_01331,e0efc573-e858-4a39-aee4-ae4e5eae76bf,keep,invalid_annotation,unknown,,,
annotation,ANN_EIRLPRJ_01331,e0f78ab4-e2df-4597-aefb-4a8525ede347,keep,visually_valid,unknown,,,
annotation,ANN_EIRLPRJ_01331,e1d2a0e8-a18a-486f-910c-037887645326,keep,visually_valid,unknown,,,
annotation,ANN_EIRLPRJ_01331,e202b91d-2ed9-4aa5-981f-83c74ac1e0b2,keep,visually_valid,unknown,,,
annotation,ANN_EIRLPRJ_01331,e240b17a-1469-4d1b-a226-2868aea1bf7b,keep,visually_valid,unknown,,,
annotation,ANN_EIRLPRJ_01331,e2671a53-17f7-4853-81c6-a2f24dc0f724,keep,visually_valid,unknown,,,
annotation,ANN_EIRLPRJ_01331,e2bd6ae9-e294-438a-ae6d-fffa8bd9a0ef,keep,visually_valid,unknown,,,
annotation,ANN_EIRLPRJ_01331,e2ec8867-9648-470c-b37f-ab292831d938,keep,visually_valid,unknown,,,
annotation,ANN_EIRLPRJ_01331,e3ff4e67-c11d-40ae-bfe2-2c5d8034adae,keep,visually_valid,unknown,,,
annotation,ANN_EIRLPRJ_01331,e4294e2e-3b64-47b4-8b59-43303c80e10b,keep,visually_valid,unknown,,,
annotation,ANN_EIRLPRJ_01331,e4df541c-7206-4a8f-a0e1-a9fa76b76b9b,keep,visually_valid,unknown,,,
annotation,ANN_EIRLPRJ_01331,e6e0430c-3a87-4f98-bb60-b47c72bd1f8c,keep,visually_valid,unknown,,,
annotation,ANN_EIRLPRJ_01331,e7727d5e-2be2-4478-b7ec-b590d0a639ab,keep,visually_valid,unknown,,,
annotation,ANN_EIRLPRJ_01331,e7737649-5d5a-417b-880f-6327d3325c61,keep,visually_valid,unknown,,,
annotation,ANN_EIRLPRJ_01331,e7d01d65-de4c-4176-84e4-cb9f3ff3dd9b,keep,visually_valid,unknown,,,
annotation,ANN_EIRLPRJ_01331,e81a7a94-6f0f-41cc-9d11-77d04e712e1e,keep,visually_valid,unknown,,,
annotation,ANN_EIRLPRJ_01331,e834388d-a7f3-4dd5-83dd-e330bf8cae00,keep,visually_valid,unknown,,,
annotation,ANN_EIRLPRJ_01331,e8842527-6068-49c3-b117-b29dee217bd6,keep,visually_valid,unknown,,,
annotation,ANN_EIRLPRJ_01331,e97462c9-f513-44ba-be61-081cc0bab15f,keep,visually_valid,unknown,,,
annotation,ANN_EIRLPRJ_01331,e9bd55a4-e198-4a0f-8dcb-2399b60a4f46,keep,visually_valid,unknown,,,
annotation,ANN_EIRLPRJ_01331,e9d5f6cc-742b-408b-89aa-acc163cc68a7,keep,visually_valid,unknown,,,
annotation,ANN_EIRLPRJ_01331,e9fbb683-a686-41ea-a88a-afe4d00d7250,keep,visually_valid,unknown,,,
annotation,ANN_EIRLPRJ_01331,ea52ae95-3399-48e1-aea9-ff6d7b83432d,keep,visually_valid,unknown,,,
annotation,ANN_EIRLPRJ_01331,eac36f51-82de-4283-aef6-a53f2c0cc061,keep,visually_valid,unknown,,,
annotation,ANN_EIRLPRJ_01331,eb63388c-b4ba-4edc-aa9c-2bfeead16c8d,keep,visually_valid,unknown,,,
annotation,ANN_EIRLPRJ_01331,eb64692d-201a-49d6-92b5-e54265c55cb4,keep,visually_valid,unknown,,,
annotation,ANN_EIRLPRJ_01331,ebd167b4-54cc-4e80-8215-3f9ab5a97483,keep,visually_valid,unknown,,,
annotation,ANN_EIRLPRJ_01331,ec27318e-6dfb-4c49-84af-f1ba128bfbe9,keep,visually_valid,unknown,,,
annotation,ANN_EIRLPRJ_01331,ed9f031c-4ebe-4e15-b9f4-0a6ddb6ac041,keep,visually_valid,unknown,,,
annotation,ANN_EIRLPRJ_01331,edef49c6-3a14-4ed9-9347-d26d056363f4,keep,visually_valid,unknown,,,
annotation,ANN_EIRLPRJ_01331,ee48e6fd-8c06-4480-9ea5-1edad5a5f5af,keep,visually_valid,unknown,,,
annotation,ANN_EIRLPRJ_01331,ee6a1fe0-f62f-4976-9898-0349dbfcbdee,keep,visually_valid,unknown,,,
annotation,ANN_EIRLPRJ_01331,ef374866-c64a-410c-8d17-9275654398f9,keep,visually_valid,unknown,,,
annotation,ANN_EIRLPRJ_01331,ef552090-5961-474e-a697-6a1acb98de7e,keep,visually_valid,unknown,,,
annotation,ANN_EIRLPRJ_01331,ef711f49-cb37-4f02-b448-1f24afa4c8d0,keep,visually_valid,unknown,,,
annotation,ANN_EIRLPRJ_01331,ef869a30-4c99-4b83-9ee4-910c05c0b145,keep,visually_valid,unknown,,,
annotation,ANN_EIRLPRJ_01331,eface21d-2364-4e3c-bd02-f06dd8d9c4ff,keep,visually_valid,unknown,,,
annotation,ANN_EIRLPRJ_01331,efb19d33-0a4b-4350-a0e4-ab0f1d64a61a,keep,visually_valid,unknown,,,
annotation,ANN_EIRLPRJ_01331,f0217310-60f6-497e-bea2-9f36ab399793,keep,visually_valid,unknown,,,
annotation,ANN_EIRLPRJ_01331,f09249cc-78ad-4bcf-8fb6-e8763a0a0a0e,keep,visually_valid,unknown,,,
annotation,ANN_EIRLPRJ_01331,f1f7bda7-15cb-48fb-8b5d-77be268c197c,keep,visually_valid,unknown,,,
annotation,ANN_EIRLPRJ_01331,f4057c9f-6971-4dcd-a133-673075bdb875,keep,visually_valid,unknown,,,
annotation,ANN_EIRLPRJ_01331,f4e1a53e-83cd-4bf6-8e74-e2586bca79a2,keep,visually_valid,unknown,,,
annotation,ANN_EIRLPRJ_01331,f562e889-e4ce-44d8-b17f-eca5b041505c,keep,visually_valid,unknown,,,
annotation,ANN_EIRLPRJ_01331,f5d3450a-4c4e-414f-a17c-c800f136dbf2,keep,visually_valid,unknown,,,
annotation,ANN_EIRLPRJ_01331,f652b2c1-b191-4d3f-b0b4-b284d1df2ac3,keep,visually_valid,unknown,,,
annotation,ANN_EIRLPRJ_01331,f65b88a1-bbb5-4ac5-9ad4-c512db8f0d14,keep,visually_valid,unknown,,,
annotation,ANN_EIRLPRJ_01331,f6a54de9-819d-4afb-8ad3-99e6b0092efe,keep,visually_valid,unknown,,,
annotation,ANN_EIRLPRJ_01331,f6faf53f-ee49-4889-a349-a42f9c1b7bba,keep,visually_valid,unknown,,,
annotation,ANN_EIRLPRJ_01331,f72d2439-4c78-47b7-9977-fd0d4d434f47,keep,visually_valid,unknown,,,
annotation,ANN_EIRLPRJ_01331,f733763d-cee6-4619-8761-7a9b4fddd649,keep,visually_valid,unknown,,,
annotation,ANN_EIRLPRJ_01331,f7bdd00c-119c-4089-bae3-ca9ea49e355c,keep,visually_valid,unknown,,,
annotation,ANN_EIRLPRJ_01331,f82a219b-d771-427a-83b9-be0e8af66851,keep,visually_valid,unknown,,,
annotation,ANN_EIRLPRJ_01331,f8452e49-a6cf-4e79-89a1-3a882140326c,keep,visually_valid,unknown,,,
annotation,ANN_EIRLPRJ_01331,f86caed8-759d-41f7-b3a2-2067eb167260,keep,visually_valid,unknown,,,
annotation,ANN_EIRLPRJ_01331,f8db269f-47be-4e83-954f-51b6a325f1b7,keep,visually_valid,unknown,,,
annotation,ANN_EIRLPRJ_01331,f9037d23-1eaa-4211-8577-cb6df819d7d9,keep,visually_valid,unknown,,,
annotation,ANN_EIRLPRJ_01331,f967a68e-0f21-45e2-ba77-7c4e7f4ece16,keep,visually_valid,unknown,,,
annotation,ANN_EIRLPRJ_01331,f9b135a2-400b-4d75-ba25-169990f8849e,keep,visually_valid,unknown,,,
annotation,ANN_EIRLPRJ_01331,fa8083d5-903b-476d-bc01-f4e9092d1294,keep,visually_valid,unknown,,,
annotation,ANN_EIRLPRJ_01331,fa86b436-0812-44e9-b962-9ca5e288eab6,keep,visually_valid,unknown,,,
annotation,ANN_EIRLPRJ_01331,faf577b0-b107-4461-88fb-234773b09dfe,keep,visually_valid,unknown,,,
annotation,ANN_EIRLPRJ_01331,fb0ddd67-b835-494a-8a22-0890292d514e,keep,visually_valid,unknown,,,
annotation,ANN_EIRLPRJ_01331,fb481bd1-134f-425f-9d9a-bfc823c98023,keep,visually_valid,unknown,,,
annotation,ANN_EIRLPRJ_01331,fc38e803-73d7-48fc-b4f0-3d5960fcd8bc,keep,visually_valid,unknown,,,
annotation,ANN_EIRLPRJ_01331,fc6765de-4e76-41c0-bc9d-e124b79ec712,keep,visually_valid,unknown,,,
annotation,ANN_EIRLPRJ_01331,fd498a72-2ade-436b-b306-ac44403a11b3,keep,visually_valid,unknown,,,
annotation,ANN_EIRLPRJ_01331,fd88b86d-c0eb-4a55-9118-39cda31fbaa2,keep,visually_valid,unknown,,,
annotation,ANN_EIRLPRJ_01331,fefd0d7d-71bd-4b82-b76e-f3c8e93c0481,keep,visually_valid,unknown,,,
annotation,ANN_EIRLPRJ_01331,ff20f1e4-0cd0-4074-a6e4-02e89588aa1a,keep,visually_valid,unknown,,,
annotation,ANN_EIRLPRJ_01331,ff288a7c-5f18-44a3-989d-b6427e831d94,keep,visually_valid,unknown,,,
annotation,ANN_EIRLPRJ_01331,ffa0ec16-a82b-4032-9df0-79bdf96442d7,keep,visually_valid,unknown,,,
annotation,ANN_EIRLPRJ_01331,fff048a1-799b-4d63-af1a-9f8091b0758c,keep,visually_valid,unknown,,,
annotation,ANN_EIRLPRJ_01333,010867af-2e85-4b2b-8087-cd86af64808b,keep,visually_valid,unknown,,,
annotation,ANN_EIRLPRJ_01333,01b24d9f-98e2-4333-9b1b-39a97b56cf47,keep,visually_valid,unknown,,,
annotation,ANN_EIRLPRJ_01333,01b68127-af10-41d6-9283-01b7345de6b4,keep,visually_valid,unknown,,,
annotation,ANN_EIRLPRJ_01333,02531bc3-f641-4e9c-add2-cf7b7213ec0b,keep,visually_valid,unknown,,,
annotation,ANN_EIRLPRJ_01333,02c4337b-15d3-47ba-9f86-29374ab52173,keep,visually_valid,unknown,,,
annotation,ANN_EIRLPRJ_01333,032b9e9f-72d4-46e8-bc18-5909f32b7315,keep,visually_valid,unknown,,,
annotation,ANN_EIRLPRJ_01333,033ad238-1a9a-466c-ab47-d57322f8e0e1,keep,visually_valid,unknown,,,
annotation,ANN_EIRLPRJ_01333,03c047ae-ebfa-4df9-aac0-70a41dc19ccd,keep,visually_valid,unknown,,,
annotation,ANN_EIRLPRJ_01333,04550100-dde7-4fb2-b9a2-e5c6cf57cc6e,keep,visually_valid,unknown,,,
annotation,ANN_EIRLPRJ_01333,051ac9f1-0070-4f98-94df-801570148e53,keep,visually_valid,unknown,,,
annotation,ANN_EIRLPRJ_01333,0564c3e4-7d36-442a-a3e6-d95a9f4cdc07,keep,visually_valid,unknown,,,
annotation,ANN_EIRLPRJ_01333,057eedf8-c58b-4af3-ac4d-41382f3df2d5,keep,visually_valid,unknown,,,
annotation,ANN_EIRLPRJ_01333,05d6fb07-f41f-4598-8568-6a38a0367779,keep,visually_valid,unknown,,,
annotation,ANN_EIRLPRJ_01333,06ae9288-7e70-4c36-941f-cdf3fceb24c2,keep,visually_valid,unknown,,,
annotation,ANN_EIRLPRJ_01333,06b69229-331a-4afb-bc1c-33dbbcc3d93c,keep,visually_valid,unknown,,,
annotation,ANN_EIRLPRJ_01333,07384a35-3ba8-48f6-8396-5d7c620b92bd,keep,visually_valid,unknown,,,
annotation,ANN_EIRLPRJ_01333,07446f22-91f4-4fa3-9d89-fea35162e956,keep,visually_valid,unknown,,,
annotation,ANN_EIRLPRJ_01333,077c4609-192c-4f95-b3db-10b2f06c5a85,keep,visually_valid,unknown,,,
annotation,ANN_EIRLPRJ_01333,07e32ad3-82a6-4da7-bc43-8c73b08db0bd,keep,visually_valid,unknown,,,
annotation,ANN_EIRLPRJ_01333,084a971a-386e-47d3-a929-a15119babacd,keep,visually_valid,unknown,,,
annotation,ANN_EIRLPRJ_01333,084bda0d-6a5d-4389-a2dc-075d508688bc,keep,visually_valid,unknown,,,
annotation,ANN_EIRLPRJ_01333,091a47a9-57f8-46ef-aa1d-ab9c531530ed,keep,visually_valid,unknown,,,
annotation,ANN_EIRLPRJ_01333,09c0685c-396d-4817-a154-82cca399bbb3,keep,visually_valid,unknown,,,
annotation,ANN_EIRLPRJ_01333,0abf8aaf-6c3c-4166-822d-b1da274336e8,keep,visually_valid,unknown,,,
annotation,ANN_EIRLPRJ_01333,0ad74dae-b9e1-45f8-8573-52acc15e6668,keep,visually_valid,unknown,,,
annotation,ANN_EIRLPRJ_01333,0b281948-7d9d-47ab-9ce6-31f5a9e24606,keep,visually_valid,unknown,,,
annotation,ANN_EIRLPRJ_01333,0c0f5018-438d-4529-8821-5b068231f509,keep,visually_valid,unknown,,,
annotation,ANN_EIRLPRJ_01333,0d8504e9-e774-41fa-86c6-c0b02d99669a,keep,visually_valid,unknown,,,
annotation,ANN_EIRLPRJ_01333,0deef284-68fe-4896-b10f-f170aa43a435,keep,visually_valid,unknown,,,
annotation,ANN_EIRLPRJ_01333,0e447216-82ac-4a51-a319-7f3fe8c189cf,keep,visually_valid,unknown,,,
annotation,ANN_EIRLPRJ_01333,0eac871f-f26b-4468-b894-445c7af84366,keep,visually_valid,unknown,,,
annotation,ANN_EIRLPRJ_01333,110d0d39-d214-4686-8360-d7bc79a6420a,keep,visually_valid,unknown,,,
annotation,ANN_EIRLPRJ_01333,111f976a-a029-4a37-b7a4-86ec6e9096e6,keep,visually_valid,unknown,,,
annotation,ANN_EIRLPRJ_01333,114aff0d-ea75-4b3e-9965-1856c38888f7,keep,visually_valid,unknown,,,
annotation,ANN_EIRLPRJ_01333,118d4234-338a-498f-91dc-a7d9e76e032a,keep,visually_valid,unknown,,,
annotation,ANN_EIRLPRJ_01333,119a0120-ff61-49b3-9360-9ebe985ed264,keep,visually_valid,unknown,,,
annotation,ANN_EIRLPRJ_01333,11bfba91-8f6c-4112-82ca-08c7bd010f04,keep,visually_valid,unknown,,,
annotation,ANN_EIRLPRJ_01333,11fe7a03-ae17-400b-a726-17418faea319,keep,visually_valid,unknown,,,
annotation,ANN_EIRLPRJ_01333,125c3ad2-a02d-447a-9c88-527197ec5d68,keep,visually_valid,unknown,,,
annotation,ANN_EIRLPRJ_01333,1294c17f-8ba2-4a47-8a63-5a5c90116703,keep,visually_valid,unknown,,,
annotation,ANN_EIRLPRJ_01333,13612a5a-a6de-42ea-ab71-904efec29666,keep,visually_valid,unknown,,,
annotation,ANN_EIRLPRJ_01333,1395c3bb-31e9-460e-b030-ebc2b0c39df1,keep,visually_valid,unknown,,,
annotation,ANN_EIRLPRJ_01333,141dc255-3546-47e0-b1cc-a07beaf5f3e2,keep,visually_valid,unknown,,,
annotation,ANN_EIRLPRJ_01333,146bb980-2990-43f7-93b2-ac31400340d4,keep,visually_valid,unknown,,,
annotation,ANN_EIRLPRJ_01333,150d9252-7624-46a2-8fc1-13058a5c160e,keep,visually_valid,unknown,,,
annotation,ANN_EIRLPRJ_01333,162b9384-5b0b-4a92-a234-28fdb2397e3d,keep,visually_valid,unknown,,,
annotation,ANN_EIRLPRJ_01333,164d7140-c998-481f-978c-81a9ee26c8eb,keep,visually_valid,unknown,,,
annotation,ANN_EIRLPRJ_01333,168d08f1-31d4-466b-9a30-57c8cf693ac8,keep,visually_valid,unknown,,,
annotation,ANN_EIRLPRJ_01333,16a963af-d8d9-4180-b6ca-bf90ff9c091f,keep,visually_valid,unknown,,,
annotation,ANN_EIRLPRJ_01333,16fc05c3-a5e9-4a1b-9c29-ec38e664345b,keep,visually_valid,unknown,,,
annotation,ANN_EIRLPRJ_01333,18687a5f-27ca-4abf-91d7-5a0e7cd2965c,keep,visually_valid,unknown,,,
annotation,ANN_EIRLPRJ_01333,1872ee4b-e44d-4792-9251-ec09d9224564,keep,visually_valid,unknown,,,
annotation,ANN_EIRLPRJ_01333,19d635ce-e81d-44e9-8a99-913eeb71b362,keep,visually_valid,unknown,,,
annotation,ANN_EIRLPRJ_01333,1a185f63-d9dc-4b11-af2e-9a865370ea7a,keep,visually_valid,unknown,,,
annotation,ANN_EIRLPRJ_01333,1b0b51f8-9318-431d-b8c4-fcc8d1b580d2,keep,visually_valid,unknown,,,
annotation,ANN_EIRLPRJ_01333,1b21446b-463a-426c-8f08-3d22fe819917,keep,visually_valid,unknown,,,
annotation,ANN_EIRLPRJ_01333,1b9c7701-6d8d-408a-b644-a5a21df7d884,keep,visually_valid,unknown,,,
annotation,ANN_EIRLPRJ_01333,1c1bab37-ff64-441d-addc-1e28e79f14c3,keep,visually_valid,unknown,,,
annotation,ANN_EIRLPRJ_01333,1c787056-cabf-4e09-8a8f-47f3e52a8b61,keep,visually_valid,unknown,,,
annotation,ANN_EIRLPRJ_01333,1cb27265-4f59-4e43-a7da-aecf852eaeff,keep,visually_valid,unknown,,,
annotation,ANN_EIRLPRJ_01333,1ceb1ad3-dc22-43ab-8eac-1f6856ba5ae5,keep,visually_valid,unknown,,,
annotation,ANN_EIRLPRJ_01333,1d75b55a-937b-4ae6-9ae5-c1b31e039e3a,keep,visually_valid,unknown,,,
annotation,ANN_EIRLPRJ_01333,1d7b5bb6-b62e-4f13-a26c-341505b0c097,keep,visually_valid,unknown,,,
annotation,ANN_EIRLPRJ_01333,1db3e219-c58d-475c-871a-139fe9939b15,keep,visually_valid,unknown,,,
annotation,ANN_EIRLPRJ_01333,1deed2d6-bfae-4d1d-bc5a-ed78c583c649,keep,visually_valid,unknown,,,
annotation,ANN_EIRLPRJ_01333,1e00bbba-00c3-4a89-8e9c-dcadf2279830,keep,visually_valid,unknown,,,
annotation,ANN_EIRLPRJ_01333,207c89a6-4cc2-4cb5-a8cd-b24359681404,keep,visually_valid,unknown,,,
annotation,ANN_EIRLPRJ_01333,2174814d-8db8-4359-abb4-47c62a9d0995,keep,visually_valid,unknown,,,
annotation,ANN_EIRLPRJ_01333,2236cc8d-984a-48ea-abb9-adde58d7c6a6,keep,visually_valid,unknown,,,
annotation,ANN_EIRLPRJ_01333,223ef572-33ed-4aee-896a-b20d4e78e805,keep,visually_valid,unknown,,,
annotation,ANN_EIRLPRJ_01333,22b039ae-8680-483a-b4fb-41c07fb96806,keep,visually_valid,unknown,,,
annotation,ANN_EIRLPRJ_01333,22e70810-272e-4be9-a26c-41d049561fac,keep,visually_valid,unknown,,,
annotation,ANN_EIRLPRJ_01333,23740785-6521-4c46-b273-6fd3acbf293a,keep,visually_valid,unknown,,,
annotation,ANN_EIRLPRJ_01333,2387ca14-dd00-4f67-8f4d-9b96368e2321,keep,visually_valid,unknown,,,
annotation,ANN_EIRLPRJ_01333,24847e96-de10-4143-8923-a1ddde29f3d9,keep,visually_valid,unknown,,,
annotation,ANN_EIRLPRJ_01333,248b7f58-7d5c-4f0b-a698-63c36980ec23,keep,visually_valid,unknown,,,
annotation,ANN_EIRLPRJ_01333,24a4ea9f-31d3-40ef-a752-03d6e39589c0,keep,visually_valid,unknown,,,
annotation,ANN_EIRLPRJ_01333,255375bd-0a2b-49a0-b675-f54a24ba7dc6,keep,visually_valid,unknown,,,
annotation,ANN_EIRLPRJ_01333,2564edc5-e3ac-45cb-b11f-c444bf069c6a,keep,visually_valid,unknown,,,
annotation,ANN_EIRLPRJ_01333,25faaa4a-d064-47d5-89ac-fcaaf81552de,keep,visually_valid,unknown,,,
annotation,ANN_EIRLPRJ_01333,27b76914-5461-4b45-a48c-fbbcca624b3c,keep,visually_valid,unknown,,,
annotation,ANN_EIRLPRJ_01333,28047e0c-7239-4c0d-a828-808683390aca,keep,visually_valid,unknown,,,
annotation,ANN_EIRLPRJ_01333,280dd6f2-c3e1-4e7a-a4c9-3bd2edb20a23,keep,visually_valid,unknown,,,
annotation,ANN_EIRLPRJ_01333,2873aa84-a336-4b27-91ec-7f838daf85fc,keep,visually_valid,unknown,,,
annotation,ANN_EIRLPRJ_01333,28d013bf-5298-4f39-ac84-6ec8f748dcaf,keep,visually_valid,unknown,,,
annotation,ANN_EIRLPRJ_01333,290c5550-6e52-4fc5-bf7f-5173128025d4,keep,visually_valid,unknown,,,
annotation,ANN_EIRLPRJ_01333,29e44637-de4b-4814-b046-bd5bef439653,keep,visually_valid,unknown,,,
annotation,ANN_EIRLPRJ_01333,2a9d3e9e-56df-494f-91db-8bc4c53eb98a,keep,visually_valid,unknown,,,
annotation,ANN_EIRLPRJ_01333,2b44e4d0-8ed8-45fa-9061-7725e1074b98,keep,visually_valid,unknown,,,
annotation,ANN_EIRLPRJ_01333,2ba71dc2-9d62-4042-9328-bc736c8da341,keep,visually_valid,unknown,,,
annotation,ANN_EIRLPRJ_01333,2beac6be-d832-46fb-a58e-19890a047295,keep,visually_valid,unknown,,,
annotation,ANN_EIRLPRJ_01333,2bfb46d9-8fb8-4cb6-aaea-00982ae4b719,keep,visually_valid,unknown,,,
annotation,ANN_EIRLPRJ_01333,2c7d5a1d-6e44-47de-98ed-4fa32fb3e2d3,keep,visually_valid,unknown,,,
annotation,ANN_EIRLPRJ_01333,2cc0b266-ac18-48af-80fe-ce99c936ad72,keep,visually_valid,unknown,,,
annotation,ANN_EIRLPRJ_01333,2cd45e72-952d-4213-bd85-2b960b9c1cf3,keep,visually_valid,unknown,,,
annotation,ANN_EIRLPRJ_01333,2ce5d2b9-c29c-4dfa-a5a3-d7d3bd274c7f,keep,visually_valid,unknown,,,
annotation,ANN_EIRLPRJ_01333,2db4937e-f896-4c73-a594-a81e52d741b7,keep,visually_valid,unknown,,,
annotation,ANN_EIRLPRJ_01333,2e45a5b0-1d0e-41bd-a712-693cce9a5455,keep,visually_valid,unknown,,,
annotation,ANN_EIRLPRJ_01333,2e6da8e1-dd53-4868-ad7a-5f99fe44eaa0,keep,visually_valid,unknown,,,
annotation,ANN_EIRLPRJ_01333,2ea68775-6d6a-4674-8866-21306f1d7e3b,keep,visually_valid,unknown,,,
annotation,ANN_EIRLPRJ_01333,2ef9c4a6-3f77-4b38-aaa1-1424bf04d40d,keep,visually_valid,unknown,,,
annotation,ANN_EIRLPRJ_01333,2f72168f-1a41-4ee4-be2f-1b654bae3e54,keep,visually_valid,unknown,,,
annotation,ANN_EIRLPRJ_01333,2f935de3-4bb3-4d45-afdb-2c241b4692bd,keep,visually_valid,unknown,,,
annotation,ANN_EIRLPRJ_01333,2fd7e07e-d786-42e6-a0ad-4c43846a34d3,keep,visually_valid,unknown,,,
annotation,ANN_EIRLPRJ_01333,2fe91e57-f508-42bf-a58c-f6bedd1441af,keep,visually_valid,unknown,,,
annotation,ANN_EIRLPRJ_01333,301a3e8d-fda3-4a7d-8447-ed63110ae1c1,keep,visually_valid,unknown,,,
annotation,ANN_EIRLPRJ_01333,30d52503-6c25-425e-8fd2-f132de5c848b,keep,visually_valid,unknown,,,
annotation,ANN_EIRLPRJ_01333,30fb97a8-f9fb-47aa-8119-10b977064ea6,keep,visually_valid,unknown,,,
annotation,ANN_EIRLPRJ_01333,3175d95d-edf4-409e-a19d-d7b69ab34fdf,keep,visually_valid,unknown,,,
annotation,ANN_EIRLPRJ_01333,31c740ff-bac8-426c-9b62-c9f519fd14bf,keep,visually_valid,unknown,,,
annotation,ANN_EIRLPRJ_01333,3281d8f6-1f92-43b1-8f8c-8d57353d90d5,keep,visually_valid,unknown,,,
annotation,ANN_EIRLPRJ_01333,3318c20f-d853-44a0-961d-fb64bb69dee5,keep,visually_valid,unknown,,,
annotation,ANN_EIRLPRJ_01333,33cb50a7-a971-4191-8f90-035e5a3d7906,keep,visually_valid,unknown,,,
annotation,ANN_EIRLPRJ_01333,342b4a65-85da-4fe9-8983-2a7c2b9d297d,keep,visually_valid,unknown,,,
annotation,ANN_EIRLPRJ_01333,350ec353-2239-47a0-9f7a-4e57211eb4d2,keep,visually_valid,unknown,,,
annotation,ANN_EIRLPRJ_01333,35669ac6-2843-4920-b495-951c7f4a34b0,keep,visually_valid,unknown,,,
annotation,ANN_EIRLPRJ_01333,35963dad-b572-4156-bf3e-9699611991c3,keep,visually_valid,unknown,,,
annotation,ANN_EIRLPRJ_01333,359f6e8d-5368-4d08-aebd-99c4e9a70d62,keep,visually_valid,unknown,,,
annotation,ANN_EIRLPRJ_01333,35c7cd28-ec25-4795-a039-469dfb30c31d,keep,visually_valid,unknown,,,
annotation,ANN_EIRLPRJ_01333,35e9a1db-cb67-43c1-9362-6d298787d1ac,keep,visually_valid,unknown,,,
annotation,ANN_EIRLPRJ_01333,365c4257-4738-47e2-93d7-5a75013ff8ed,keep,visually_valid,unknown,,,
annotation,ANN_EIRLPRJ_01333,36cb1567-e20a-46af-ad33-bdd8eac3691d,keep,visually_valid,unknown,,,
annotation,ANN_EIRLPRJ_01333,36cf8012-f444-4e4f-97ad-bfe019c7e158,keep,visually_valid,unknown,,,
annotation,ANN_EIRLPRJ_01333,36d997a1-2922-4877-acba-25fe84b542b0,keep,visually_valid,unknown,,,
annotation,ANN_EIRLPRJ_01333,37039cfe-8934-4305-a09d-7a0a268b2aa8,keep,visually_valid,unknown,,,
annotation,ANN_EIRLPRJ_01333,377a7474-00c1-422c-967c-e31ea2e468d1,keep,visually_valid,unknown,,,
annotation,ANN_EIRLPRJ_01333,37b47fc7-0f45-41b6-b9a7-9220adf6458d,keep,visually_valid,unknown,,,
annotation,ANN_EIRLPRJ_01333,37fd719a-9d46-47bd-9afc-44de9cc37d53,keep,visually_valid,unknown,,,
annotation,ANN_EIRLPRJ_01333,389b7946-f88b-4f1a-b409-b2f3ea952398,keep,visually_valid,unknown,,,
annotation,ANN_EIRLPRJ_01333,3928f43f-042a-4cc9-b787-55af77c701d1,keep,visually_valid,unknown,,,
annotation,ANN_EIRLPRJ_01333,39943440-ff22-42a7-84a0-6e8d4503ce53,keep,visually_valid,unknown,,,
annotation,ANN_EIRLPRJ_01333,39a41482-cc93-4d8f-b263-8dbe402f1972,keep,visually_valid,unknown,,,
annotation,ANN_EIRLPRJ_01333,3a84f8c3-f8a2-487c-ae50-767d74c14c25,keep,visually_valid,unknown,,,
annotation,ANN_EIRLPRJ_01333,3af2dac7-7246-4fe4-be1b-b5b3a3d21b53,keep,visually_valid,unknown,,,
annotation,ANN_EIRLPRJ_01333,3b729f17-c92f-4bdc-bfd7-19fac31487b4,keep,visually_valid,unknown,,,
annotation,ANN_EIRLPRJ_01333,3b7b3eb9-5f0a-4ccf-9381-13436b0dc0d9,keep,visually_valid,unknown,,,
annotation,ANN_EIRLPRJ_01333,3c2d08e1-e28e-4499-9445-052d10e1150d,keep,visually_valid,unknown,,,
annotation,ANN_EIRLPRJ_01333,3c3b8dab-80c1-43ec-8fd6-516e8b11a094,keep,visually_valid,unknown,,,
annotation,ANN_EIRLPRJ_01333,3cc12a6b-34c9-4057-9941-a0a6a7ab7e5c,keep,visually_valid,unknown,,,
annotation,ANN_EIRLPRJ_01333,3d2ab91e-93ca-43a8-94bb-f16da3066c11,keep,visually_valid,unknown,,,
annotation,ANN_EIRLPRJ_01333,3d8f719b-33a4-4f7a-9f78-4766c3e56214,keep,visually_valid,unknown,,,
annotation,ANN_EIRLPRJ_01333,3da5a6e4-b8eb-413f-9cc5-e3f2f8bafbbc,keep,visually_valid,unknown,,,
annotation,ANN_EIRLPRJ_01333,3dccc62c-a314-4e27-bb81-25f83ae87d1e,keep,visually_valid,unknown,,,
annotation,ANN_EIRLPRJ_01333,3e485b75-672c-4778-b6ec-33aca5c3af9e,keep,visually_valid,unknown,,,
annotation,ANN_EIRLPRJ_01333,3e747efc-8153-4031-964d-0c6da494fafc,keep,visually_valid,unknown,,,
annotation,ANN_EIRLPRJ_01333,3e7ecf95-e0ee-4d6b-a0cb-fc544f90c168,keep,visually_valid,unknown,,,
annotation,ANN_EIRLPRJ_01333,3e802c00-bf8e-4d45-8f2a-52481dcfc57e,keep,visually_valid,unknown,,,
annotation,ANN_EIRLPRJ_01333,3ec31ac5-b4e5-47ab-83dd-e88a8621b5eb,keep,visually_valid,unknown,,,
annotation,ANN_EIRLPRJ_01333,3f663208-8e9d-4381-9b9d-a7daabea39b6,keep,visually_valid,unknown,,,
annotation,ANN_EIRLPRJ_01333,3f9f9f92-bce4-4fd7-ada1-528daca1b766,keep,visually_valid,unknown,,,
annotation,ANN_EIRLPRJ_01333,3fb6054a-5f48-467e-b6e1-c44394872a2d,keep,visually_valid,unknown,,,
annotation,ANN_EIRLPRJ_01333,40587fb6-e133-4761-9b5a-a592293703d3,keep,visually_valid,unknown,,,
annotation,ANN_EIRLPRJ_01333,40a1c819-0688-4c35-8b65-04e176242b5e,keep,visually_valid,unknown,,,
annotation,ANN_EIRLPRJ_01333,41273376-38c8-4d28-9f47-9a63c2488ea2,keep,visually_valid,unknown,,,
annotation,ANN_EIRLPRJ_01333,41b96474-f676-457f-9169-f658a4c853b5,keep,visually_valid,unknown,,,
annotation,ANN_EIRLPRJ_01333,41e35321-e59a-48bf-a43d-6f3d587d0d17,keep,visually_valid,unknown,,,
annotation,ANN_EIRLPRJ_01333,41f1215e-6893-4b3c-bb48-82f88a055d58,keep,visually_valid,unknown,,,
annotation,ANN_EIRLPRJ_01333,425540eb-2a86-4479-80da-4469d2f2f8bf,keep,visually_valid,unknown,,,
annotation,ANN_EIRLPRJ_01333,42c666c9-a713-475b-9561-c4bca2b9d006,keep,visually_valid,unknown,,,
annotation,ANN_EIRLPRJ_01333,42d2486d-8068-47df-9956-90480e6dc3d7,keep,visually_valid,unknown,,,
annotation,ANN_EIRLPRJ_01333,4341c7f9-4c05-4493-9bcb-2a7dc2cb2437,keep,visually_valid,unknown,,,
annotation,ANN_EIRLPRJ_01333,4485795d-23f4-4d3b-94b2-28c24be794b1,keep,visually_valid,unknown,,,
annotation,ANN_EIRLPRJ_01333,44dabfec-571e-4de4-a4a7-4320f14a011c,keep,visually_valid,unknown,,,
annotation,ANN_EIRLPRJ_01333,463c4aad-4f48-4c31-8ea0-5886833dc16e,keep,visually_valid,unknown,,,
annotation,ANN_EIRLPRJ_01333,46fe79a5-4aac-43d3-854d-88509e30b151,keep,visually_valid,unknown,,,
annotation,ANN_EIRLPRJ_01333,472d3629-4daf-49ca-a12b-a110cd06d5dd,keep,visually_valid,unknown,,,
annotation,ANN_EIRLPRJ_01333,47e0d3a8-d222-45a8-a422-1dc733f8ad63,keep,visually_valid,unknown,,,
annotation,ANN_EIRLPRJ_01333,482fdffb-fab2-4795-93be-24dbd5aac440,keep,visually_valid,unknown,,,
annotation,ANN_EIRLPRJ_01333,4882dbac-475a-4738-8ffa-81d065ae0965,keep,visually_valid,unknown,,,
annotation,ANN_EIRLPRJ_01333,48a319f4-96e7-4fdb-b170-9a4af8ef6389,keep,visually_valid,unknown,,,
annotation,ANN_EIRLPRJ_01333,48a4afcb-3460-4a3b-b984-3613d3f52451,keep,visually_valid,unknown,,,
annotation,ANN_EIRLPRJ_01333,49ccf89c-4244-4549-a54e-5eeb5c0dae0b,keep,visually_valid,unknown,,,
annotation,ANN_EIRLPRJ_01333,4a09d73d-9559-41c3-b7ae-acdacba0e2d0,keep,visually_valid,unknown,,,
annotation,ANN_EIRLPRJ_01333,4a2eec57-68f0-4218-b1d7-485798ef8b00,keep,visually_valid,unknown,,,
annotation,ANN_EIRLPRJ_01333,4a3ea238-8084-47e6-95d5-6ae3aac2ebbd,keep,visually_valid,unknown,,,
annotation,ANN_EIRLPRJ_01333,4a5c6643-d8c2-42a9-9ab3-9416eb8ca030,keep,visually_valid,unknown,,,
annotation,ANN_EIRLPRJ_01333,4ab972aa-bebd-453c-b8cf-b91900137933,keep,visually_valid,unknown,,,
annotation,ANN_EIRLPRJ_01333,4abc9fb2-5e96-44f8-be91-68f63fcc56d8,keep,visually_valid,unknown,,,
annotation,ANN_EIRLPRJ_01333,4ac1db6f-eba7-4842-a3dd-9ad93d2c8e8d,keep,visually_valid,unknown,,,
annotation,ANN_EIRLPRJ_01333,4b1b908a-6616-4cf6-a9e0-f6c9be3e818c,keep,visually_valid,unknown,,,
annotation,ANN_EIRLPRJ_01333,4bd77600-639a-47ce-a71c-0ccbbf8d083f,keep,visually_valid,unknown,,,
annotation,ANN_EIRLPRJ_01333,4bde37a9-955e-4fa8-bd4a-5ca7deae7db8,keep,visually_valid,unknown,,,
annotation,ANN_EIRLPRJ_01333,4bf5d44f-16af-46c5-9e9f-97e1ce5dc4b9,keep,visually_valid,unknown,,,
annotation,ANN_EIRLPRJ_01333,4d153f04-c178-43b4-b697-ebe60473bfc5,keep,visually_valid,unknown,,,
annotation,ANN_EIRLPRJ_01333,4d155e1d-7c92-41ea-8767-3a59f6c767af,keep,visually_valid,unknown,,,
annotation,ANN_EIRLPRJ_01333,4d1ac23b-7b22-4950-b7f6-6e233458cc5c,keep,visually_valid,unknown,,,
annotation,ANN_EIRLPRJ_01333,4d1f40c7-d3dc-4b69-be03-f970848f54e6,keep,visually_valid,unknown,,,
annotation,ANN_EIRLPRJ_01333,4d2f86b1-1693-4a79-88e5-317f7a5d4d16,keep,visually_valid,unknown,,,
annotation,ANN_EIRLPRJ_01333,4d3299fd-57d5-4305-b01c-9e4d79a52b17,keep,visually_valid,unknown,,,
annotation,ANN_EIRLPRJ_01333,4d883857-39a7-4dd1-8567-4c31962cdc18,keep,visually_valid,unknown,,,
annotation,ANN_EIRLPRJ_01333,4d9bdf08-47b6-493d-ba1b-c5270f07477f,keep,visually_valid,unknown,,,
annotation,ANN_EIRLPRJ_01333,4d9eb046-0e70-430c-8d73-f20ddaefef2a,keep,visually_valid,unknown,,,
annotation,ANN_EIRLPRJ_01333,4e1f8e9c-d57c-4028-ac88-2615c5e05209,keep,visually_valid,unknown,,,
annotation,ANN_EIRLPRJ_01333,4e4d5177-ebcd-41f3-93c7-cbc691ced13d,keep,visually_valid,unknown,,,
annotation,ANN_EIRLPRJ_01333,4e6773c9-9d01-4593-8e58-3b8627922b08,keep,visually_valid,unknown,,,
annotation,ANN_EIRLPRJ_01333,500d5083-493e-456c-b7ba-823c6322e258,keep,visually_valid,unknown,,,
annotation,ANN_EIRLPRJ_01333,501f56c4-a2d0-46d7-8a8e-91e727fe7f4a,keep,visually_valid,unknown,,,
annotation,ANN_EIRLPRJ_01333,503c817a-90d8-4916-a8ee-8a3ab14dd535,keep,visually_valid,unknown,,,
annotation,ANN_EIRLPRJ_01333,50509b6d-df7b-4983-be15-f90d4c4393e2,keep,visually_valid,unknown,,,
annotation,ANN_EIRLPRJ_01333,50bbb037-ccb3-43b8-924f-82ac5e19f94a,keep,visually_valid,unknown,,,
annotation,ANN_EIRLPRJ_01333,511c219a-93be-4263-aa35-eccee59c5878,keep,true_small_lesion,unknown,,,
annotation,ANN_EIRLPRJ_01333,512eb9fb-310f-41eb-9260-f8ed86d860b0,keep,visually_valid,unknown,,,
annotation,ANN_EIRLPRJ_01333,51f70c85-5770-45ec-a92f-734c156cada8,keep,visually_valid,unknown,,,
annotation,ANN_EIRLPRJ_01333,529e18b2-bd4c-45cc-a1a8-0ff9209b7be7,keep,visually_valid,unknown,,,
annotation,ANN_EIRLPRJ_01333,530c4116-941d-425f-bb1d-aef6e5638325,keep,visually_valid,unknown,,,
annotation,ANN_EIRLPRJ_01333,53df7778-1e54-4970-9ea3-d0c69797d4b7,keep,visually_valid,unknown,,,
annotation,ANN_EIRLPRJ_01333,54550d43-0e4d-4909-ad7c-edb525d141db,keep,visually_valid,unknown,,,
annotation,ANN_EIRLPRJ_01333,5489f1e7-8c6d-48d0-a521-8837b95a60e3,keep,visually_valid,unknown,,,
annotation,ANN_EIRLPRJ_01333,549491a0-cbd5-452c-87d3-33619fc8050d,keep,visually_valid,unknown,,,
annotation,ANN_EIRLPRJ_01333,54d600fb-8573-4904-87b6-a2be9f293daf,keep,visually_valid,unknown,,,
annotation,ANN_EIRLPRJ_01333,54f7eff0-19ba-4ae7-a580-7d0c3725b493,keep,visually_valid,unknown,,,
annotation,ANN_EIRLPRJ_01333,55adedec-0623-41c3-93b4-31c73ff8884d,keep,visually_valid,unknown,,,
annotation,ANN_EIRLPRJ_01333,56c23e9a-7c75-4cf4-b02e-d680e00cbdac,keep,visually_valid,unknown,,,
annotation,ANN_EIRLPRJ_01333,572d734b-550f-44af-9eb4-4661eb23e776,keep,visually_valid,unknown,,,
annotation,ANN_EIRLPRJ_01333,583a0204-efb8-4240-8e01-2ab814ecd840,keep,visually_valid,unknown,,,
annotation,ANN_EIRLPRJ_01333,590adcd9-fbd4-40cf-8bdb-cb1253d7803f,keep,visually_valid,unknown,,,
annotation,ANN_EIRLPRJ_01333,59378328-543f-4e05-abfc-087122e5a0ff,keep,visually_valid,unknown,,,
annotation,ANN_EIRLPRJ_01333,59685d2d-5ab3-4595-be6a-30f7223c216a,keep,visually_valid,unknown,,,
annotation,ANN_EIRLPRJ_01333,59f83423-c62a-4688-aff8-e1630e3fb34f,keep,visually_valid,unknown,,,
annotation,ANN_EIRLPRJ_01333,5a390fcf-82fc-4d35-b158-c4caa7623b16,keep,visually_valid,unknown,,,
annotation,ANN_EIRLPRJ_01333,5a8858b8-5966-44b3-a7d2-9d1395e87a42,keep,visually_valid,unknown,,,
annotation,ANN_EIRLPRJ_01333,5c24aebf-7e76-4d63-94b5-33e5061e7056,keep,visually_valid,unknown,,,
annotation,ANN_EIRLPRJ_01333,5c2dab38-b555-4162-9dab-6ba8d9c2d155,keep,visually_valid,unknown,,,
annotation,ANN_EIRLPRJ_01333,5c453ac5-4988-4b7d-8dd9-725e94c829fd,keep,visually_valid,unknown,,,
annotation,ANN_EIRLPRJ_01333,5d97a779-803e-4e0d-90d8-ab0bcdfc48ea,keep,visually_valid,unknown,,,
annotation,ANN_EIRLPRJ_01333,5da8bec9-0a35-496f-873b-8385a413cfa5,keep,visually_valid,unknown,,,
annotation,ANN_EIRLPRJ_01333,5ec775b9-85ec-44df-8760-f1f71afaeec0,keep,visually_valid,unknown,,,
annotation,ANN_EIRLPRJ_01333,5ee12a54-bfcd-4991-8be2-d4930fda6e5c,keep,visually_valid,unknown,,,
annotation,ANN_EIRLPRJ_01333,5f299f65-4464-4cc0-9e03-f00320d6d5ae,keep,visually_valid,unknown,,,
annotation,ANN_EIRLPRJ_01333,5f834bf3-cc8f-42ae-a992-5466263bc018,keep,visually_valid,unknown,,,
annotation,ANN_EIRLPRJ_01333,5fa4d5cf-104e-4479-b373-42ea3f3f5ce9,keep,visually_valid,unknown,,,
annotation,ANN_EIRLPRJ_01333,600d064f-d4aa-4815-892d-d5c7555f90b9,keep,visually_valid,unknown,,,
annotation,ANN_EIRLPRJ_01333,60f0e915-07d7-4360-a3ad-42fcf4b2fe74,keep,visually_valid,unknown,,,
annotation,ANN_EIRLPRJ_01333,61202171-556c-4a48-b3d0-0d221a2966df,keep,visually_valid,unknown,,,
annotation,ANN_EIRLPRJ_01333,6163ba27-371c-43c6-b26b-008e9a3d8ad2,keep,visually_valid,unknown,,,
annotation,ANN_EIRLPRJ_01333,61c250fb-de18-4dc6-97bc-c80b2c8fe6ca,keep,visually_valid,unknown,,,
annotation,ANN_EIRLPRJ_01333,61d6191a-4de1-4b14-af19-c4c1c8996e0d,keep,visually_valid,unknown,,,
annotation,ANN_EIRLPRJ_01333,620cec00-fded-47c0-ace6-40a16947e29b,keep,visually_valid,unknown,,,
annotation,ANN_EIRLPRJ_01333,624abf9b-d01d-466d-bd34-288a22d14051,keep,visually_valid,unknown,,,
annotation,ANN_EIRLPRJ_01333,64760297-3595-48d7-b66b-8bd0911f812f,keep,visually_valid,unknown,,,
annotation,ANN_EIRLPRJ_01333,650f5a21-0519-4add-8100-e2d996054d02,keep,visually_valid,unknown,,,
annotation,ANN_EIRLPRJ_01333,651b29fc-f124-4ae3-895b-5519fb0b3840,keep,visually_valid,unknown,,,
annotation,ANN_EIRLPRJ_01333,6559384d-acb8-4b57-9636-6c79066f85e2,keep,visually_valid,unknown,,,
annotation,ANN_EIRLPRJ_01333,65c00d7e-9524-40f3-93cd-51966843acde,keep,visually_valid,unknown,,,
annotation,ANN_EIRLPRJ_01333,681e0f60-c28c-4e9c-b707-1c9090745e63,keep,visually_valid,unknown,,,
annotation,ANN_EIRLPRJ_01333,688583b6-3681-4243-9b77-a7512e02f459,keep,visually_valid,unknown,,,
annotation,ANN_EIRLPRJ_01333,69f6bcbb-e22e-4b8b-a0ad-408242ba96af,keep,visually_valid,unknown,,,
annotation,ANN_EIRLPRJ_01333,6acdb588-6092-49fa-a38b-0e48ca9ed84c,keep,visually_valid,unknown,,,
annotation,ANN_EIRLPRJ_01333,6af3e078-c03d-454d-b422-e301f0993b43,keep,visually_valid,unknown,,,
annotation,ANN_EIRLPRJ_01333,6b2d1ee3-ff42-4add-b549-ef1c9c646377,keep,visually_valid,unknown,,,
annotation,ANN_EIRLPRJ_01333,6bcb6119-c5ad-4628-839f-5579daa3675e,keep,visually_valid,unknown,,,
annotation,ANN_EIRLPRJ_01333,6bf12975-cf04-4433-84d8-e3d40cfcd0cf,keep,visually_valid,unknown,,,
annotation,ANN_EIRLPRJ_01333,6c51d5ab-25d0-45ee-86a3-644c97ff5368,keep,visually_valid,unknown,,,
annotation,ANN_EIRLPRJ_01333,6c6991a3-fe7c-42eb-a080-db846d08b363,keep,visually_valid,unknown,,,
annotation,ANN_EIRLPRJ_01333,6c76a930-33c0-4cff-8dbc-f16887bc7df2,keep,visually_valid,unknown,,,
annotation,ANN_EIRLPRJ_01333,6dbe2f99-feaa-40e4-a705-79df3f9ac196,keep,visually_valid,unknown,,,
annotation,ANN_EIRLPRJ_01333,6dd79d76-ac30-41fe-826f-e73f92524dd9,keep,visually_valid,unknown,,,
annotation,ANN_EIRLPRJ_01333,6de1e0d9-fcad-41b4-906f-12f37f04396a,keep,visually_valid,unknown,,,
annotation,ANN_EIRLPRJ_01333,6f0220a4-647d-485e-92b7-b3a35f409115,keep,visually_valid,unknown,,,
annotation,ANN_EIRLPRJ_01333,707a1f78-11f7-4d2d-b397-d5ed12c66a31,keep,visually_valid,unknown,,,
annotation,ANN_EIRLPRJ_01333,70c0435d-f1e2-4170-98e4-72fa374cba10,keep,visually_valid,unknown,,,
annotation,ANN_EIRLPRJ_01333,714daec1-9495-449f-827f-c56f7819f0e3,keep,visually_valid,unknown,,,
annotation,ANN_EIRLPRJ_01333,718c9070-f05b-496d-85c4-62a477846d3c,keep,visually_valid,unknown,,,
annotation,ANN_EIRLPRJ_01333,71d3245a-fae0-4293-b26b-1cc2de82bd58,keep,visually_valid,unknown,,,
annotation,ANN_EIRLPRJ_01333,720afbf6-2a47-4034-9f10-e0d22c988b23,keep,visually_valid,unknown,,,
annotation,ANN_EIRLPRJ_01333,73248970-4988-4d4f-b98e-3816709b00af,keep,visually_valid,unknown,,,
annotation,ANN_EIRLPRJ_01333,7342d79e-1db6-4b19-9492-17547ff6dd44,keep,visually_valid,unknown,,,
annotation,ANN_EIRLPRJ_01333,73a54393-f376-4d9f-9d8e-138037d14694,keep,visually_valid,unknown,,,
annotation,ANN_EIRLPRJ_01333,73c26131-0d89-4c44-8664-2aebe9517e9b,keep,visually_valid,unknown,,,
annotation,ANN_EIRLPRJ_01333,73d16f6d-377b-4c7b-8c7e-fa3156240d3e,keep,visually_valid,unknown,,,
annotation,ANN_EIRLPRJ_01333,740f76a2-0de9-424a-be9a-fb281b1b9c6e,keep,visually_valid,unknown,,,
annotation,ANN_EIRLPRJ_01333,74ae0614-5493-4675-b4d0-3a22bc42ed24,keep,visually_valid,unknown,,,
annotation,ANN_EIRLPRJ_01333,74f3c160-5a37-4489-80c8-73e136564752,keep,visually_valid,unknown,,,
annotation,ANN_EIRLPRJ_01333,752add4d-877b-4fa1-8be6-2d4846b285f9,keep,visually_valid,unknown,,,
annotation,ANN_EIRLPRJ_01333,7567ae28-3827-45a6-8b62-6b716f201876,keep,visually_valid,unknown,,,
annotation,ANN_EIRLPRJ_01333,75aa2c1d-fd66-43e7-b607-151afdb1616e,keep,visually_valid,unknown,,,
annotation,ANN_EIRLPRJ_01333,76ab9b6d-d450-4188-906b-41c6c719f949,keep,visually_valid,unknown,,,
annotation,ANN_EIRLPRJ_01333,77449478-070b-4cb1-acfe-6dd259261adc,keep,visually_valid,unknown,,,
annotation,ANN_EIRLPRJ_01333,7a0a63c2-524a-40e3-a977-b190fb6f2994,keep,visually_valid,unknown,,,
annotation,ANN_EIRLPRJ_01333,7a15da68-347a-484c-a138-f5d31a3be7c2,keep,visually_valid,unknown,,,
annotation,ANN_EIRLPRJ_01333,7ae1ed0c-d28f-44d2-a44e-96cbc4d2b1eb,keep,visually_valid,unknown,,,
annotation,ANN_EIRLPRJ_01333,7b0eea46-dee6-4305-aba1-48d66fd296db,keep,visually_valid,unknown,,,
annotation,ANN_EIRLPRJ_01333,7b51f633-2333-47eb-9db2-285448ec5cd2,keep,visually_valid,unknown,,,
annotation,ANN_EIRLPRJ_01333,7b54f7da-3901-462f-8c3e-11604c0554b2,keep,visually_valid,unknown,,,
annotation,ANN_EIRLPRJ_01333,7b80a1f6-7a0a-498c-af1d-e37eade6ea59,keep,visually_valid,unknown,,,
annotation,ANN_EIRLPRJ_01333,7be9cc3c-8b98-4fbc-b9b7-68342098679b,keep,visually_valid,unknown,,,
annotation,ANN_EIRLPRJ_01333,7c5239b3-1d29-4743-bb63-4b2779d88a7f,keep,visually_valid,unknown,,,
annotation,ANN_EIRLPRJ_01333,7caee074-2d63-43c9-9b76-8f7fce57ece9,keep,visually_valid,unknown,,,
annotation,ANN_EIRLPRJ_01333,7d140e33-ffe4-4c7b-8e11-6b9dfb593e76,keep,visually_valid,unknown,,,
annotation,ANN_EIRLPRJ_01333,7d1b6f7f-d32a-4f0a-9a54-a3a0e0751797,keep,visually_valid,unknown,,,
annotation,ANN_EIRLPRJ_01333,7d1bf63b-90f7-48bc-bd21-2b3800ec24ed,keep,visually_valid,unknown,,,
annotation,ANN_EIRLPRJ_01333,7d370d13-3871-46fe-ba43-6221e73cd6c5,keep,visually_valid,unknown,,,
annotation,ANN_EIRLPRJ_01333,7e17902e-826d-45e4-b546-7b3db76570f4,keep,visually_valid,unknown,,,
annotation,ANN_EIRLPRJ_01333,7ec58787-2076-485d-b297-8687cbf2e7de,keep,visually_valid,unknown,,,
annotation,ANN_EIRLPRJ_01333,7ed2a0e7-df3a-4939-889d-785477dbd42f,keep,visually_valid,unknown,,,
annotation,ANN_EIRLPRJ_01333,7f4eed36-e47e-4a1c-a91c-3fb1411f532f,keep,visually_valid,unknown,,,
annotation,ANN_EIRLPRJ_01333,8146e5b8-1be3-4a7d-904e-2be19e9bcdef,keep,visually_valid,unknown,,,
annotation,ANN_EIRLPRJ_01333,81c24318-0ae3-43a6-a46e-0f7dcc74f228,keep,visually_valid,unknown,,,
annotation,ANN_EIRLPRJ_01333,81d3ebc1-cfdf-46cd-b6ce-430ad2d2dfe6,keep,visually_valid,unknown,,,
annotation,ANN_EIRLPRJ_01333,8202c490-bcbd-40a7-80e2-90009a2e3251,keep,visually_valid,unknown,,,
annotation,ANN_EIRLPRJ_01333,82032205-a1e4-45e2-a3ec-690be95f19cd,keep,visually_valid,unknown,,,
annotation,ANN_EIRLPRJ_01333,8361f3e0-4c06-4925-a5be-3578ecacc17f,keep,visually_valid,unknown,,,
annotation,ANN_EIRLPRJ_01333,83b2b75d-4361-4f46-ae7d-53cee56c40ea,keep,visually_valid,unknown,,,
annotation,ANN_EIRLPRJ_01333,83cf609c-12e0-4f63-bb8a-e17c967eed98,keep,visually_valid,unknown,,,
annotation,ANN_EIRLPRJ_01333,84f39f70-4717-4cdb-819c-4119b7b250ed,keep,visually_valid,unknown,,,
annotation,ANN_EIRLPRJ_01333,8557e4d4-3138-4346-8b12-82b7705f6d3b,keep,visually_valid,unknown,,,
annotation,ANN_EIRLPRJ_01333,85692556-c018-4741-8e5d-fe1c559e16e9,keep,visually_valid,unknown,,,
annotation,ANN_EIRLPRJ_01333,858bd3da-2313-4e00-a229-1c99b969bce3,keep,visually_valid,unknown,,,
annotation,ANN_EIRLPRJ_01333,85ba308d-0507-440c-95b8-54b155966cd9,keep,visually_valid,unknown,,,
annotation,ANN_EIRLPRJ_01333,85df0022-0b64-4089-90e9-7cda21a019f0,keep,visually_valid,unknown,,,
annotation,ANN_EIRLPRJ_01333,8604433a-5fc9-4490-96f3-b44e6638cdae,keep,visually_valid,unknown,,,
annotation,ANN_EIRLPRJ_01333,865a0c6d-8202-499c-815d-e9382c2e516b,keep,visually_valid,unknown,,,
annotation,ANN_EIRLPRJ_01333,871bf9c8-3b33-4d39-a41b-0f701326d3d9,keep,visually_valid,unknown,,,
annotation,ANN_EIRLPRJ_01333,87b70135-39b7-4e52-a3a8-30ca70809182,keep,visually_valid,unknown,,,
annotation,ANN_EIRLPRJ_01333,87df515a-95f3-4deb-9682-6280d84638a3,keep,visually_valid,unknown,,,
annotation,ANN_EIRLPRJ_01333,89dd4e59-a5f4-4ce7-a87e-d204449f60cb,keep,visually_valid,unknown,,,
annotation,ANN_EIRLPRJ_01333,8a6aa53b-d788-420e-934b-6c2ce4e44031,keep,visually_valid,unknown,,,
annotation,ANN_EIRLPRJ_01333,8af3d03b-9a02-4d51-a921-5150ea3bc2b4,keep,visually_valid,unknown,,,
annotation,ANN_EIRLPRJ_01333,8b9a6725-b6dd-4ec0-87a2-9a0353b236ae,keep,visually_valid,unknown,,,
annotation,ANN_EIRLPRJ_01333,8b9caf1f-d872-4b5a-9fb7-f8acde2bda8d,keep,visually_valid,unknown,,,
annotation,ANN_EIRLPRJ_01333,8c1ec1c0-93bb-47a6-a053-f7547a8dbe65,keep,visually_valid,unknown,,,
annotation,ANN_EIRLPRJ_01333,8c29f730-9a3a-4d63-b0ae-87e65a6738c0,keep,visually_valid,unknown,,,
annotation,ANN_EIRLPRJ_01333,8c75585c-34ce-4954-88fd-99fcb3d4af9f,keep,visually_valid,unknown,,,
annotation,ANN_EIRLPRJ_01333,8cc25a53-9b7d-4cdf-ae21-41beed4d15af,keep,visually_valid,unknown,,,
annotation,ANN_EIRLPRJ_01333,8cc3bbb5-c254-41c0-a5d5-a50c97c74e65,keep,visually_valid,unknown,,,
annotation,ANN_EIRLPRJ_01333,8d2adebb-53bf-40d6-94ae-e4908ed77aed,keep,visually_valid,unknown,,,
annotation,ANN_EIRLPRJ_01333,8d438157-60a5-4783-9ae9-f6e78174df30,keep,visually_valid,unknown,,,
annotation,ANN_EIRLPRJ_01333,8d6d877b-fe9c-4709-9576-06f8026ba45a,keep,visually_valid,unknown,,,
annotation,ANN_EIRLPRJ_01333,8d997249-a4e6-457b-8b82-a88ef3b808c9,keep,visually_valid,unknown,,,
annotation,ANN_EIRLPRJ_01333,8e63a1ec-8c40-4c07-a14e-45f84f0bf663,keep,visually_valid,unknown,,,
annotation,ANN_EIRLPRJ_01333,8f026b4e-553c-4f54-890f-b2bb66665384,keep,visually_valid,unknown,,,
annotation,ANN_EIRLPRJ_01333,8f49a104-0b84-4825-8da6-01df698d82d2,keep,visually_valid,unknown,,,
annotation,ANN_EIRLPRJ_01333,8feeb098-3871-41b8-bc2e-af5dfbda323c,keep,visually_valid,unknown,,,
annotation,ANN_EIRLPRJ_01333,9075f990-a0f9-40ec-8ab3-451eb38cf4c6,keep,visually_valid,unknown,,,
annotation,ANN_EIRLPRJ_01333,90844ef1-827a-4cd2-8ccb-7bc8582e5cf7,keep,visually_valid,unknown,,,
annotation,ANN_EIRLPRJ_01333,913a94f8-8ce3-45f2-ae6a-0075de272be2,keep,visually_valid,unknown,,,
annotation,ANN_EIRLPRJ_01333,91a053fe-ddab-46c4-a20b-754ee36f9c3a,keep,visually_valid,unknown,,,
annotation,ANN_EIRLPRJ_01333,91ec0430-eea1-4523-817d-ab3e8603de06,keep,visually_valid,unknown,,,
annotation,ANN_EIRLPRJ_01333,928a3625-a643-434d-bee3-3623ceebbaa2,keep,visually_valid,unknown,,,
annotation,ANN_EIRLPRJ_01333,930497b3-8d17-4ed2-8911-834e16c6e794,keep,visually_valid,unknown,,,
annotation,ANN_EIRLPRJ_01333,93dde538-8db9-4031-b74a-028f33d51def,keep,visually_valid,unknown,,,
annotation,ANN_EIRLPRJ_01333,942bcd16-d9fc-4784-bacf-58f9f77e484b,keep,,unknown,,,
annotation,ANN_EIRLPRJ_01333,94579c23-6a99-4b4a-9aca-c67683ed5674,keep,visually_valid,unknown,,,
annotation,ANN_EIRLPRJ_01333,9531b041-a3a9-4dd5-b0be-a03b93265e58,keep,visually_valid,unknown,,,
annotation,ANN_EIRLPRJ_01333,95694008-8e0c-4d48-9a3d-4d1ae8683706,keep,visually_valid,unknown,,,
annotation,ANN_EIRLPRJ_01333,95d3f8ac-ade1-4123-b8e2-aacb9a9d2d1f,keep,visually_valid,unknown,,,
annotation,ANN_EIRLPRJ_01333,95dac0c1-5fe2-48be-bfb7-e401373c2c06,keep,visually_valid,unknown,,,
annotation,ANN_EIRLPRJ_01333,96a7caa6-4b75-44df-a6af-69bbf2012aaf,keep,visually_valid,unknown,,,
annotation,ANN_EIRLPRJ_01333,96ed6877-87a6-454a-8df1-aa64e99f2832,keep,visually_valid,unknown,,,
annotation,ANN_EIRLPRJ_01333,9791b9ef-7ace-4c71-9232-9a78ee1f093c,keep,visually_valid,unknown,,,
annotation,ANN_EIRLPRJ_01333,992aea08-8cc0-4b6f-8561-108cd74047d7,keep,visually_valid,unknown,,,
annotation,ANN_EIRLPRJ_01333,9a27e156-437e-4e5e-9682-66ada1cede15,keep,visually_valid,unknown,,,
annotation,ANN_EIRLPRJ_01333,9a393ccd-789c-42a9-a1d5-d757547872e6,keep,visually_valid,unknown,,,
annotation,ANN_EIRLPRJ_01333,9a78681e-e7a3-46c8-887d-8d3e7e2452f2,keep,visually_valid,unknown,,,
annotation,ANN_EIRLPRJ_01333,9ae7a1c8-f98f-4724-a12b-8b3672807280,keep,visually_valid,unknown,,,
annotation,ANN_EIRLPRJ_01333,9b22bd10-cf49-4cdc-9df3-eaf1753f6331,keep,visually_valid,unknown,,,
annotation,ANN_EIRLPRJ_01333,9b8fe4f1-48c9-4af9-bd50-346ca7f8b231,keep,visually_valid,unknown,,,
annotation,ANN_EIRLPRJ_01333,9c0a8b8e-d5a4-4f59-a37d-84732871d3e9,keep,visually_valid,unknown,,,
annotation,ANN_EIRLPRJ_01333,9c0cf7e1-dc65-4080-a388-4a70bdb06118,keep,visually_valid,unknown,,,
annotation,ANN_EIRLPRJ_01333,9c49b4b6-96c8-4c39-ac92-7fa28e675e34,keep,visually_valid,unknown,,,
annotation,ANN_EIRLPRJ_01333,9d0702c2-f649-4539-9384-e56f7397b7ea,keep,visually_valid,unknown,,,
annotation,ANN_EIRLPRJ_01333,9d917f54-5134-473e-a648-ed88930a064a,keep,visually_valid,unknown,,,
annotation,ANN_EIRLPRJ_01333,9dede2b9-21d5-439f-8017-7806a9aaf556,keep,visually_valid,unknown,,,
annotation,ANN_EIRLPRJ_01333,9e85069c-f6aa-47d3-81eb-516af285059d,keep,visually_valid,unknown,,,
annotation,ANN_EIRLPRJ_01333,9e997ebb-2cb1-43da-8769-d500aeb5b663,keep,visually_valid,unknown,,,
annotation,ANN_EIRLPRJ_01333,9f02f6aa-9d7d-4619-afa4-f9fc0e1e8a9e,keep,visually_valid,unknown,,,
annotation,ANN_EIRLPRJ_01333,9f4a854c-8339-4419-b755-c1f0d255f66d,keep,visually_valid,unknown,,,
annotation,ANN_EIRLPRJ_01333,9f9bf40c-3bb1-40fb-b8d4-383a52d467d5,keep,visually_valid,unknown,,,
annotation,ANN_EIRLPRJ_01333,a00fdab1-adbd-429d-9838-56bd3fae82ba,keep,visually_valid,unknown,,,
annotation,ANN_EIRLPRJ_01333,a01462b4-18ba-4395-a2f3-f083f77e2bf8,keep,visually_valid,unknown,,,
annotation,ANN_EIRLPRJ_01333,a064f5b4-4a43-452d-940a-9ebe3e6dbc9a,keep,visually_valid,unknown,,,
annotation,ANN_EIRLPRJ_01333,a0cee9b1-bcc5-44d7-bb7b-210c23e78ee0,keep,visually_valid,unknown,,,
annotation,ANN_EIRLPRJ_01333,a0dfe943-c9a5-4d05-b7bf-a0dad74461c1,keep,visually_valid,unknown,,,
annotation,ANN_EIRLPRJ_01333,a1c86900-3cb1-4bfc-8b05-0fac9c7a32a7,keep,visually_valid,unknown,,,
annotation,ANN_EIRLPRJ_01333,a293afba-1fa9-42d8-bde5-8a2c3e0d0e90,keep,visually_valid,unknown,,,
annotation,ANN_EIRLPRJ_01333,a2b77cc1-a73f-4e82-bb7d-bd1f95379e8e,keep,visually_valid,unknown,,,
annotation,ANN_EIRLPRJ_01333,a4fcb99c-3a02-4c54-a3d6-8fa2a2ae822f,keep,visually_valid,unknown,,,
annotation,ANN_EIRLPRJ_01333,a68d0eb8-7e6d-476f-89f6-45b89ba9ce8c,keep,visually_valid,unknown,,,
annotation,ANN_EIRLPRJ_01333,a6b46bcd-29ab-4369-86ba-4b916be7664a,keep,visually_valid,unknown,,,
annotation,ANN_EIRLPRJ_01333,a6b6eb22-715b-453b-a6f0-c7b8021fcff2,keep,visually_valid,unknown,,,
annotation,ANN_EIRLPRJ_01333,a6f4c8b9-7387-4106-a508-944ffb96f388,keep,visually_valid,unknown,,,
annotation,ANN_EIRLPRJ_01333,a721e4b7-2e9e-4099-a057-fd616cd0e819,keep,visually_valid,unknown,,,
annotation,ANN_EIRLPRJ_01333,a75731db-e2b8-47b9-a45d-767ba398ab58,keep,visually_valid,unknown,,,
annotation,ANN_EIRLPRJ_01333,a7f20867-740a-4243-96cd-9173cd8172a5,keep,visually_valid,unknown,,,
annotation,ANN_EIRLPRJ_01333,a841ff9e-4d69-4bb6-adeb-0ae02a63dc90,keep,visually_valid,unknown,,,
annotation,ANN_EIRLPRJ_01333,a90ceeab-74d7-484c-ae9b-82d7e556b5f2,keep,visually_valid,unknown,,,
annotation,ANN_EIRLPRJ_01333,a937af2e-8125-4c76-a5f3-8de44805a57d,keep,visually_valid,unknown,,,
annotation,ANN_EIRLPRJ_01333,a9fa1894-1b69-4874-9635-66e8b8a56b3b,keep,visually_valid,unknown,,,
annotation,ANN_EIRLPRJ_01333,abb40bd1-952f-4c37-ac71-6a672797425f,keep,visually_valid,unknown,,,
annotation,ANN_EIRLPRJ_01333,ac613df0-a977-4aae-9b39-0b17deee96ba,keep,visually_valid,unknown,,,
annotation,ANN_EIRLPRJ_01333,acb1a676-70e6-4f77-b8b7-4c50cb793579,keep,visually_valid,unknown,,,
annotation,ANN_EIRLPRJ_01333,accf49d2-ecce-4c47-aaee-00459d6ca780,keep,visually_valid,unknown,,,
annotation,ANN_EIRLPRJ_01333,ad455805-0a2f-4786-9053-6e34dd239485,keep,visually_valid,unknown,,,
annotation,ANN_EIRLPRJ_01333,adbed2da-db07-4401-8406-a1ebbc1e8609,keep,visually_valid,unknown,,,
annotation,ANN_EIRLPRJ_01333,adf8cbba-9fdb-41ff-9e7f-ab9e0d8de9e1,keep,visually_valid,unknown,,,
annotation,ANN_EIRLPRJ_01333,ae2a9e4a-be6b-4a23-abd5-be728cc6654d,keep,visually_valid,unknown,,,
annotation,ANN_EIRLPRJ_01333,ae5e69fe-be2e-42fc-b629-53831837cdde,keep,visually_valid,unknown,,,
annotation,ANN_EIRLPRJ_01333,aff8e7d2-bca5-42c9-8961-b41aa97e0258,keep,visually_valid,unknown,,,
annotation,ANN_EIRLPRJ_01333,b21f9db8-9401-4eac-b65b-52cfce9b56d7,keep,visually_valid,unknown,,,
annotation,ANN_EIRLPRJ_01333,b23f37f5-b35e-4e37-9ab2-5597f8fdf432,keep,visually_valid,unknown,,,
annotation,ANN_EIRLPRJ_01333,b24c9e4f-241c-420c-a3d7-ab48490f2882,keep,visually_valid,unknown,,,
annotation,ANN_EIRLPRJ_01333,b2c55031-afe4-44a0-ae65-0073262eb3ee,keep,visually_valid,unknown,,,
annotation,ANN_EIRLPRJ_01333,b363b651-5e79-4198-8928-d5185a5250fd,keep,visually_valid,unknown,,,
annotation,ANN_EIRLPRJ_01333,b38c8d40-2390-4124-a1b7-9f83def5e5d8,keep,visually_valid,unknown,,,
annotation,ANN_EIRLPRJ_01333,b3c3c9d4-fd69-4326-aa3b-85dfc2ddc8bf,keep,visually_valid,unknown,,,
annotation,ANN_EIRLPRJ_01333,b3e4eb59-ae9d-42a7-8b4e-c242024360cd,keep,visually_valid,unknown,,,
annotation,ANN_EIRLPRJ_01333,b45d58be-f8fa-4ec3-b99e-36887b8b8c3b,keep,visually_valid,unknown,,,
annotation,ANN_EIRLPRJ_01333,b5008ae3-6a76-4aab-816c-93bcfd99d62b,keep,visually_valid|invalid_annotation,unknown,,,
annotation,ANN_EIRLPRJ_01333,b6187426-dd70-4528-a5f4-a93702052592,keep,visually_valid,unknown,,,
annotation,ANN_EIRLPRJ_01333,b61a72a9-370c-4378-b006-70950ff48355,keep,visually_valid,unknown,,,
annotation,ANN_EIRLPRJ_01333,b6cae0af-e751-4e3e-a37d-245291765100,keep,visually_valid,unknown,,,
annotation,ANN_EIRLPRJ_01333,b779341a-8859-466a-b1fc-7073939dd7c6,keep,visually_valid,unknown,,,
annotation,ANN_EIRLPRJ_01333,b79f0feb-bf0c-407c-90c3-00c2af3c34a7,keep,visually_valid,unknown,,,
annotation,ANN_EIRLPRJ_01333,b7e012de-be2c-453c-a1b9-7c03ee715aba,keep,visually_valid,unknown,,,
annotation,ANN_EIRLPRJ_01333,b8267b12-172a-4800-90dc-9c79a360643a,keep,visually_valid,unknown,,,
annotation,ANN_EIRLPRJ_01333,b82e39cc-a1c6-4a08-83ce-3fb0371afa90,keep,visually_valid,unknown,,,
annotation,ANN_EIRLPRJ_01333,b932636f-63fe-48e6-b171-6c3d2c39b10c,keep,visually_valid,unknown,,,
annotation,ANN_EIRLPRJ_01333,b98f1490-235d-4cd4-a74c-b54d9534df10,keep,visually_valid,unknown,,,
annotation,ANN_EIRLPRJ_01333,b99f3824-e072-4aab-b791-4f6bea145352,keep,visually_valid,unknown,,,
annotation,ANN_EIRLPRJ_01333,b9c2feda-d9dc-4dcb-81a0-346212eafb2d,keep,visually_valid,unknown,,,
annotation,ANN_EIRLPRJ_01333,b9e820f9-bd62-4a61-a764-1db136dfaf4d,keep,visually_valid,unknown,,,
annotation,ANN_EIRLPRJ_01333,ba18322d-0691-4b76-967c-aa1cb4d5b9a8,keep,visually_valid,unknown,,,
annotation,ANN_EIRLPRJ_01333,ba1e31b1-c55c-4175-9a1c-c175eadaa29d,keep,visually_valid,unknown,,,
annotation,ANN_EIRLPRJ_01333,bac15b50-2b60-4da3-9207-7c545dc94976,keep,visually_valid,unknown,,,
annotation,ANN_EIRLPRJ_01333,baf366da-2a11-4f1b-a726-3fd1a3485a7e,keep,visually_valid,unknown,,,
annotation,ANN_EIRLPRJ_01333,baff17d0-22c6-413c-8675-844b4263bf80,keep,visually_valid,unknown,,,
annotation,ANN_EIRLPRJ_01333,bb95d9df-f298-4e1b-8be3-5110b233c6fb,keep,visually_valid,unknown,,,
annotation,ANN_EIRLPRJ_01333,bc01f864-c5db-417f-9231-a9836b839d84,keep,visually_valid,unknown,,,
annotation,ANN_EIRLPRJ_01333,bc0891ac-64b9-4621-8c41-386ba104885f,keep,visually_valid,unknown,,,
annotation,ANN_EIRLPRJ_01333,bc1168d1-25e7-438d-a444-8478a4d3e855,keep,visually_valid,unknown,,,
annotation,ANN_EIRLPRJ_01333,bcf84410-43ea-4d8e-bd2d-71ed9eb6f6c2,keep,visually_valid,unknown,,,
annotation,ANN_EIRLPRJ_01333,bd742714-8b83-43a5-bc93-e85a180b598e,keep,visually_valid,unknown,,,
annotation,ANN_EIRLPRJ_01333,bd96df33-2a7f-41e1-a851-b1b5c9148bb9,keep,visually_valid,unknown,,,
annotation,ANN_EIRLPRJ_01333,be47c106-a8ef-47a4-88bb-361a870ace85,keep,visually_valid,unknown,,,
annotation,ANN_EIRLPRJ_01333,becefc5e-6c45-432c-b28a-aad328c04cd6,keep,visually_valid,unknown,,,
annotation,ANN_EIRLPRJ_01333,bf026f64-dde1-4779-b57d-3310ede17a0a,keep,visually_valid,unknown,,,
annotation,ANN_EIRLPRJ_01333,bf81270c-5d91-42b8-be50-f5f6f4c2ca84,keep,visually_valid,unknown,,,
annotation,ANN_EIRLPRJ_01333,bfdb0d7c-6e10-49fc-84fa-f392df0b7875,keep,visually_valid,unknown,,,
annotation,ANN_EIRLPRJ_01333,c1b8478d-ab69-4058-93f6-8de62ccf1339,keep,visually_valid,unknown,,,
annotation,ANN_EIRLPRJ_01333,c1fe7b1e-295e-4468-bba8-f5bef489816d,keep,visually_valid,unknown,,,
annotation,ANN_EIRLPRJ_01333,c2219559-0a3d-4b57-b1b0-14f7580b1c19,keep,visually_valid,unknown,,,
annotation,ANN_EIRLPRJ_01333,c304b7e4-f371-457e-a787-efdcd1bd8d57,keep,visually_valid,unknown,,,
annotation,ANN_EIRLPRJ_01333,c30e5d7b-5937-43bd-929e-5afb62d13c23,keep,visually_valid,unknown,,,
annotation,ANN_EIRLPRJ_01333,c337e143-59af-4e01-8e1e-cac6ac354fbc,keep,visually_valid,unknown,,,
annotation,ANN_EIRLPRJ_01333,c35294f3-3391-4dcd-acb2-49bc92edf50e,keep,visually_valid,unknown,,,
annotation,ANN_EIRLPRJ_01333,c4160275-302f-4a67-83bd-d952887a82ec,keep,visually_valid,unknown,,,
annotation,ANN_EIRLPRJ_01333,c4801fea-a460-41a0-af98-3fe605704db3,keep,visually_valid,unknown,,,
annotation,ANN_EIRLPRJ_01333,c4a456fd-8d6b-4be4-8615-62e67b4efac6,keep,visually_valid,unknown,,,
annotation,ANN_EIRLPRJ_01333,c527efd4-33ce-49d1-8079-ebec73f10cd3,keep,visually_valid,unknown,,,
annotation,ANN_EIRLPRJ_01333,c52ac076-2d58-4081-bfda-a52d9823a3cc,keep,visually_valid,unknown,,,
annotation,ANN_EIRLPRJ_01333,c5be55e0-0b1f-4326-af3c-bbeaff184530,keep,visually_valid,unknown,,,
annotation,ANN_EIRLPRJ_01333,c62d59fd-be41-4a70-bb13-09f520888b25,keep,visually_valid,unknown,,,
annotation,ANN_EIRLPRJ_01333,c91b50c0-0224-4685-871e-00d4372427d8,keep,visually_valid,unknown,,,
annotation,ANN_EIRLPRJ_01333,c92a12c3-6fbb-44cc-95b7-f71a8d676ad9,keep,visually_valid,unknown,,,
annotation,ANN_EIRLPRJ_01333,ca10201b-8777-4195-b455-4018fa91beea,keep,visually_valid,unknown,,,
annotation,ANN_EIRLPRJ_01333,ca57b40b-fe59-41b1-a1cc-3753d9674009,keep,visually_valid,unknown,,,
annotation,ANN_EIRLPRJ_01333,cb53136f-65cc-4267-98e5-c1bf6b57a829,keep,visually_valid,unknown,,,
annotation,ANN_EIRLPRJ_01333,cb914d69-4fe6-4bd4-b7fd-77889b9f60e9,keep,visually_valid,unknown,,,
annotation,ANN_EIRLPRJ_01333,cc814355-3e71-467f-80b0-fca9439bb2a4,keep,visually_valid,unknown,,,
annotation,ANN_EIRLPRJ_01333,cc897179-ab18-4ff4-89a9-0b83a476e3bb,keep,visually_valid,unknown,,,
annotation,ANN_EIRLPRJ_01333,ccfd293e-4fd7-4246-bd06-406ab17da31e,keep,visually_valid,unknown,,,
annotation,ANN_EIRLPRJ_01333,ce792b0f-d684-4525-8cfc-2146c5fe1b92,keep,visually_valid,unknown,,,
annotation,ANN_EIRLPRJ_01333,cf1af8f9-54cd-4f43-bb01-edd7867afdaa,keep,visually_valid,unknown,,,
annotation,ANN_EIRLPRJ_01333,cffb4898-8dba-4353-8114-7d5e2e0a8d1f,keep,visually_valid,unknown,,,
annotation,ANN_EIRLPRJ_01333,d049a36b-ecd8-4861-9298-e4868b68fd52,keep,visually_valid,unknown,,,
annotation,ANN_EIRLPRJ_01333,d084222f-ec97-46e4-8ad5-b96591d4a960,keep,visually_valid,unknown,,,
annotation,ANN_EIRLPRJ_01333,d0bfb0c1-5168-4fd3-9dc4-d33190d63479,keep,visually_valid,unknown,,,
annotation,ANN_EIRLPRJ_01333,d10df38a-50e2-451b-9ccc-7dc86841d6ef,keep,visually_valid,unknown,,,
annotation,ANN_EIRLPRJ_01333,d1484514-75e0-47d5-b4b3-daa92119f58d,keep,visually_valid,unknown,,,
annotation,ANN_EIRLPRJ_01333,d21adf38-6c33-4af5-97ec-0c0248d3f248,keep,visually_valid,unknown,,,
annotation,ANN_EIRLPRJ_01333,d21be058-8d51-464f-a791-abb85b623226,keep,visually_valid,unknown,,,
annotation,ANN_EIRLPRJ_01333,d224685e-cd36-4e09-afc7-c472205d1f3e,keep,visually_valid,unknown,,,
annotation,ANN_EIRLPRJ_01333,d24958d3-3c35-422a-8ece-bb205f182f4c,keep,visually_valid,unknown,,,
annotation,ANN_EIRLPRJ_01333,d25c32c2-22a7-42f2-9577-88d19b02fb99,keep,visually_valid,unknown,,,
annotation,ANN_EIRLPRJ_01333,d2b2bb6a-0f79-4afa-a805-ecfee70989a9,keep,visually_valid,unknown,,,
annotation,ANN_EIRLPRJ_01333,d2c3fc9e-7541-43c1-be74-ee5893857961,keep,visually_valid,unknown,,,
annotation,ANN_EIRLPRJ_01333,d34a15c7-2cc6-4482-b2e8-4300ff805774,keep,visually_valid,unknown,,,
annotation,ANN_EIRLPRJ_01333,d3debb5c-36ee-4d74-ad58-de234a61a5bf,keep,visually_valid,unknown,,,
annotation,ANN_EIRLPRJ_01333,d4ea137e-27bd-4a54-87c0-f0b96a39e32f,keep,visually_valid,unknown,,,
annotation,ANN_EIRLPRJ_01333,d5af571a-3050-4849-aaaa-bda158c09b3a,keep,visually_valid,unknown,,,
annotation,ANN_EIRLPRJ_01333,d5e2246c-3b99-41b5-a784-8c9f40f32cbc,keep,visually_valid,unknown,,,
annotation,ANN_EIRLPRJ_01333,d635b9c7-6582-4dea-9669-c587da111a3c,keep,visually_valid,unknown,,,
annotation,ANN_EIRLPRJ_01333,d6c6a049-f87b-4252-b416-7acf86656702,keep,visually_valid,unknown,,,
annotation,ANN_EIRLPRJ_01333,d7a78064-41e1-49f9-a5cf-38c16fa98d25,keep,visually_valid,unknown,,,
annotation,ANN_EIRLPRJ_01333,d7e4ec3d-c9c2-4e65-bc00-5b2bdb0cb3d1,keep,visually_valid,unknown,,,
annotation,ANN_EIRLPRJ_01333,d8a354c3-5c32-4b08-ab0a-d60b5775e346,keep,visually_valid,unknown,,,
annotation,ANN_EIRLPRJ_01333,d8a951aa-5b94-4275-8292-cfc86a5b3aad,keep,visually_valid,unknown,,,
annotation,ANN_EIRLPRJ_01333,d8c1f0e0-fa5e-4d32-a17f-294161865081,keep,visually_valid,unknown,,,
annotation,ANN_EIRLPRJ_01333,da1031ae-25df-4840-acae-13f65bbb9dc7,keep,visually_valid,unknown,,,
annotation,ANN_EIRLPRJ_01333,da37b85b-b2a9-4cd5-b475-d5a9a57159a2,keep,visually_valid,unknown,,,
annotation,ANN_EIRLPRJ_01333,da639af2-26ae-494c-be80-72797fc64407,keep,visually_valid,unknown,,,
annotation,ANN_EIRLPRJ_01333,dad80ffd-d379-46f4-83a7-53d0ec99dc9f,keep,visually_valid,unknown,,,
annotation,ANN_EIRLPRJ_01333,db1a27c9-20ca-44e8-8136-98034b5c4e88,keep,visually_valid,unknown,,,
annotation,ANN_EIRLPRJ_01333,db1b6c1d-5d1b-401b-aa0d-15b6bcfd7029,keep,visually_valid,unknown,,,
annotation,ANN_EIRLPRJ_01333,db7a7e65-e3a3-44ee-9cc2-b4a5557ca021,keep,visually_valid,unknown,,,
annotation,ANN_EIRLPRJ_01333,dca79b82-b572-4938-809a-9202e430e155,keep,visually_valid,unknown,,,
annotation,ANN_EIRLPRJ_01333,dd2b1569-e5e6-40f3-92c4-a20467ed6a57,keep,visually_valid,unknown,,,
annotation,ANN_EIRLPRJ_01333,ddda7e52-41ba-4a54-a68b-73602a38beeb,keep,visually_valid,unknown,,,
annotation,ANN_EIRLPRJ_01333,de51e2c2-3ed0-4280-a5d1-137a1070b138,keep,visually_valid,unknown,,,
annotation,ANN_EIRLPRJ_01333,de883562-7e9b-47e8-a2bd-7f21cdaa862c,keep,visually_valid,unknown,,,
annotation,ANN_EIRLPRJ_01333,dedbef86-ce7c-43f3-8061-497829a52cf7,keep,visually_valid,unknown,,,
annotation,ANN_EIRLPRJ_01333,def51473-6041-445c-86ca-16a969c5d114,keep,visually_valid,unknown,,,
annotation,ANN_EIRLPRJ_01333,df09136e-c78b-4504-9e2e-9e74ffb80869,keep,visually_valid,unknown,,,
annotation,ANN_EIRLPRJ_01333,df0a8853-291e-45e4-bec8-80c186191080,keep,visually_valid,unknown,,,
annotation,ANN_EIRLPRJ_01333,df0d4ff1-f127-4d8a-b498-6fbd31cbc2bb,keep,visually_valid,unknown,,,
annotation,ANN_EIRLPRJ_01333,e0506bfb-85ea-42c5-9d52-c81bc13585fc,keep,visually_valid,unknown,,,
annotation,ANN_EIRLPRJ_01333,e057402c-8fc8-4d26-871c-451b3226ce52,keep,visually_valid,unknown,,,
annotation,ANN_EIRLPRJ_01333,e07d70df-90fe-4f97-9c46-4937dd4fed9d,keep,visually_valid,unknown,,,
annotation,ANN_EIRLPRJ_01333,e095ab61-e408-4a3b-991a-b5443a62dfd4,keep,visually_valid,unknown,,,
annotation,ANN_EIRLPRJ_01333,e0e838d6-9cce-4d16-a674-9a4c3764ca8d,keep,visually_valid,unknown,,,
annotation,ANN_EIRLPRJ_01333,e1c7a010-2bba-4cfa-a033-0a11c77ca335,keep,visually_valid,unknown,,,
annotation,ANN_EIRLPRJ_01333,e2076908-e76b-4d26-9c37-b2aec87f389b,keep,visually_valid,unknown,,,
annotation,ANN_EIRLPRJ_01333,e31f06ad-1c5e-48cd-8f90-77ce5217c6bb,keep,visually_valid,unknown,,,
annotation,ANN_EIRLPRJ_01333,e32cbe27-eb22-42d9-848f-159326be70c4,keep,visually_valid,unknown,,,
annotation,ANN_EIRLPRJ_01333,e3b51f57-8155-413a-9eee-1cf2d45b2e41,keep,visually_valid,unknown,,,
annotation,ANN_EIRLPRJ_01333,e4417a51-86b8-4701-aa6c-03282e4dc92a,keep,visually_valid,unknown,,,
annotation,ANN_EIRLPRJ_01333,e4429e90-71a4-4135-bfe8-7c0bb13c9fcf,keep,visually_valid,unknown,,,
annotation,ANN_EIRLPRJ_01333,e4ad0971-f31c-4d5c-aa6a-25a44c447659,keep,visually_valid,unknown,,,
annotation,ANN_EIRLPRJ_01333,e526d094-8761-42d7-a66c-658e6b19af85,keep,visually_valid,unknown,,,
annotation,ANN_EIRLPRJ_01333,e5ee8499-374a-4afd-91a2-c53fa43bb319,keep,visually_valid,unknown,,,
annotation,ANN_EIRLPRJ_01333,e67c7885-8029-4162-b146-9fc646c644e8,keep,visually_valid,unknown,,,
annotation,ANN_EIRLPRJ_01333,e7339220-06f6-4b3f-b8c1-4a55c6ba861a,keep,visually_valid,unknown,,,
annotation,ANN_EIRLPRJ_01333,e74a099b-314f-4e72-8ef5-0affa915b5f7,keep,visually_valid,unknown,,,
annotation,ANN_EIRLPRJ_01333,e80c8802-c1c6-4ec1-9b19-74d545fae1e1,keep,visually_valid,unknown,,,
annotation,ANN_EIRLPRJ_01333,e894eeaf-1706-4656-8fff-ccd16cfef480,keep,visually_valid,unknown,,,
annotation,ANN_EIRLPRJ_01333,e89da3f2-eb9a-409b-9103-3bd9937004cb,keep,visually_valid,unknown,,,
annotation,ANN_EIRLPRJ_01333,e9deb3a3-5077-4f74-8304-2936d7402d3c,keep,visually_valid,unknown,,,
annotation,ANN_EIRLPRJ_01333,eab9763f-b527-45fd-86ee-42ea897d32e7,keep,visually_valid,unknown,,,
annotation,ANN_EIRLPRJ_01333,eb3f421e-e83a-41c6-a918-8d675cb2ad07,keep,visually_valid,unknown,,,
annotation,ANN_EIRLPRJ_01333,eb5bf05b-716f-4a3c-9071-69baeb103e20,keep,visually_valid,unknown,,,
annotation,ANN_EIRLPRJ_01333,ebb195fa-6778-4b0b-89d7-ce77c327139a,keep,visually_valid,unknown,,,
annotation,ANN_EIRLPRJ_01333,ed13a188-e09e-43d0-b848-c9c93c086ba3,keep,visually_valid,unknown,,,
annotation,ANN_EIRLPRJ_01333,ed349e39-6294-4098-b95d-a84567874d58,keep,visually_valid,unknown,,,
annotation,ANN_EIRLPRJ_01333,ed4c73ca-0691-48d2-8545-fef2a6ae78d0,keep,visually_valid,unknown,,,
annotation,ANN_EIRLPRJ_01333,ed5b958c-4194-4a56-b8a5-8b6ddb95d30d,keep,visually_valid,unknown,,,
annotation,ANN_EIRLPRJ_01333,edae76aa-896e-450c-8dc8-a1289133dd6b,keep,visually_valid,unknown,,,
annotation,ANN_EIRLPRJ_01333,ee8942be-c26a-4c5f-b429-b7e6402b3cf8,keep,visually_valid,unknown,,,
annotation,ANN_EIRLPRJ_01333,ee9ac36f-69d9-4857-b969-44872f29b2be,keep,visually_valid,unknown,,,
annotation,ANN_EIRLPRJ_01333,ef1a632a-06be-45ca-9866-271289b38e5f,keep,visually_valid,unknown,,,
annotation,ANN_EIRLPRJ_01333,ef246a65-3a6e-4d9e-bc77-faa03e2f0da6,keep,visually_valid,unknown,,,
annotation,ANN_EIRLPRJ_01333,efadcf25-6491-4950-a70f-99b927bed69f,keep,visually_valid,unknown,,,
annotation,ANN_EIRLPRJ_01333,efd056fd-37da-4063-95ec-911b98b6d9d2,keep,visually_valid,unknown,,,
annotation,ANN_EIRLPRJ_01333,f0a61b02-5e3b-46df-ad51-b8dc63491f31,keep,visually_valid,unknown,,,
annotation,ANN_EIRLPRJ_01333,f1929031-79da-4d71-954d-8ef4a91160ad,keep,visually_valid,unknown,,,
annotation,ANN_EIRLPRJ_01333,f357e314-2cd4-4b79-971d-ba495f5ae641,keep,visually_valid,unknown,,,
annotation,ANN_EIRLPRJ_01333,f36b073e-e20c-4c11-a302-ccc1f38cdc66,keep,visually_valid,unknown,,,
annotation,ANN_EIRLPRJ_01333,f5f93591-1562-4b1f-9de7-37393abdaf18,keep,visually_valid,unknown,,,
annotation,ANN_EIRLPRJ_01333,f6ff93cf-9b1d-4689-bd1d-184227157cf0,keep,visually_valid,unknown,,,
annotation,ANN_EIRLPRJ_01333,f719a516-f30e-4d3d-b2f7-da63097a7e44,keep,visually_valid,unknown,,,
annotation,ANN_EIRLPRJ_01333,f723b793-e972-4913-9bab-8d5920593588,keep,visually_valid,unknown,,,
annotation,ANN_EIRLPRJ_01333,f77af3b3-f236-41a7-8aab-e69318a3b621,keep,visually_valid,unknown,,,
annotation,ANN_EIRLPRJ_01333,f7843c0b-ce76-487e-9556-c6a88f92e649,keep,visually_valid,unknown,,,
annotation,ANN_EIRLPRJ_01333,f7b90bfb-c35c-4119-8a71-58dddc715577,keep,visually_valid,unknown,,,
annotation,ANN_EIRLPRJ_01333,f7c662d1-3c90-479a-96b4-c1972e39cb06,keep,visually_valid,unknown,,,
annotation,ANN_EIRLPRJ_01333,f81d91f8-90c8-4985-9a0d-d1a5c9c583a9,keep,visually_valid,unknown,,,
annotation,ANN_EIRLPRJ_01333,f8643fb9-d37e-4e57-9f7a-e3bce0255d31,keep,visually_valid,unknown,,,
annotation,ANN_EIRLPRJ_01333,f895059c-441a-4ecf-b5ef-2a879edc062b,keep,visually_valid,unknown,,,
annotation,ANN_EIRLPRJ_01333,f8ec34ce-4b15-4ce8-9f00-e78398b2489e,keep,visually_valid,unknown,,,
annotation,ANN_EIRLPRJ_01333,f935b890-3a6f-4bcc-9c69-1bfbf96a3cab,keep,visually_valid,unknown,,,
annotation,ANN_EIRLPRJ_01333,f93ec1ea-5d4e-411b-a761-af2eb1c86361,keep,visually_valid,unknown,,,
annotation,ANN_EIRLPRJ_01333,f988629c-24c3-4ce6-ae27-6b7be9de3306,keep,visually_valid,unknown,,,
annotation,ANN_EIRLPRJ_01333,fa54e863-c910-47ef-a4f6-2196f2f61268,keep,visually_valid,unknown,,,
annotation,ANN_EIRLPRJ_01333,fae33fc7-4f90-4828-b49c-50b61ef9366f,keep,visually_valid,unknown,,,
annotation,ANN_EIRLPRJ_01333,fafe1aca-51ec-42c5-8bd5-4b4c5059fcdb,keep,visually_valid,unknown,,,
annotation,ANN_EIRLPRJ_01333,fb7695dc-d1f1-4843-84f0-76de88f976de,keep,visually_valid,unknown,,,
annotation,ANN_EIRLPRJ_01333,fc2d6282-b4f8-4a04-8e0b-7660b0e42ccb,keep,visually_valid,unknown,,,
annotation,ANN_EIRLPRJ_01333,fca03859-21a8-463f-b74e-8b76a6665d95,keep,visually_valid,unknown,,,
annotation,ANN_EIRLPRJ_01333,fcebe440-c9db-446b-9510-19111ce00dbc,keep,visually_valid,unknown,,,
annotation,ANN_EIRLPRJ_01333,fe2394a2-41dc-442d-9300-cf6473c445f9,keep,visually_valid,unknown,,,
annotation,ANN_EIRLPRJ_01333,ff19c9ec-fe7b-475f-a683-292b0e3ed3f3,keep,visually_valid,unknown,,,
annotation,ANN_EIRLPRJ_01333,ff500394-82e1-489e-a02b-269af8303150,keep,,unknown,,,
annotation,ANN_EIRLPRJ_01334,006880bc-4810-4a0b-8848-54e9c2285a39,keep,visually_valid,unknown,,,
annotation,ANN_EIRLPRJ_01334,006fc969-904c-4c1f-8b1a-4e2c344548b5,keep,visually_valid,unknown,,,
annotation,ANN_EIRLPRJ_01334,019b34d5-8719-4c34-a8c0-a8c21ffb7a2e,keep,visually_valid,unknown,,,
annotation,ANN_EIRLPRJ_01334,01f2a278-9d27-4108-a7fa-ddffcd343916,keep,visually_valid,unknown,,,
annotation,ANN_EIRLPRJ_01334,03122291-272c-4575-8d61-341360397b5a,keep,visually_valid,unknown,,,
annotation,ANN_EIRLPRJ_01334,03adcc07-7b74-4144-b640-a2f6045c8af4,keep,visually_valid,unknown,,,
annotation,ANN_EIRLPRJ_01334,03db1815-8bbd-4ee3-b3de-a6eae08e81bf,keep,visually_valid,unknown,,,
annotation,ANN_EIRLPRJ_01334,0420e5bf-0080-43e0-9588-c300c5fe5e22,keep,visually_valid,unknown,,,
annotation,ANN_EIRLPRJ_01334,045b3a63-3775-4d34-9fd7-907acebb67cd,keep,visually_valid,unknown,,,
annotation,ANN_EIRLPRJ_01334,04962e1f-8b97-44ae-9cec-3d0bb919b3b0,keep,visually_valid,unknown,,,
annotation,ANN_EIRLPRJ_01334,05ccbcc5-b32d-4b86-9aee-15d2d15b55cb,keep,visually_valid,unknown,,,
annotation,ANN_EIRLPRJ_01334,06d60f6c-b577-4582-8806-3c4790c4a4bd,keep,visually_valid,unknown,,,
annotation,ANN_EIRLPRJ_01334,07505b5f-8b4a-4377-9311-40c5b6b5226d,keep,visually_valid,unknown,,,
annotation,ANN_EIRLPRJ_01334,07543a96-c7ad-45bb-b5cf-437d97779bb4,keep,visually_valid,unknown,,,
annotation,ANN_EIRLPRJ_01334,07aab9ba-2dcd-427d-81e7-1b2b0f07a4aa,keep,visually_valid,unknown,,,
annotation,ANN_EIRLPRJ_01334,07aadeb7-b948-4c7f-8fa3-31ba5057a5ab,keep,visually_valid,unknown,,,
annotation,ANN_EIRLPRJ_01334,07ce781a-0930-4d62-8fc2-639cf01a42c9,keep,visually_valid,unknown,,,
annotation,ANN_EIRLPRJ_01334,0863a694-df96-4c91-979c-b16a8d5e7e63,keep,visually_valid,unknown,,,
annotation,ANN_EIRLPRJ_01334,0970f2be-8e89-49ec-9bb7-10e14d465519,keep,visually_valid,unknown,,,
annotation,ANN_EIRLPRJ_01334,09fa0425-32e4-4d9c-b49a-0e0e6a8dfc67,keep,visually_valid,unknown,,,
annotation,ANN_EIRLPRJ_01334,0a17fe9d-6ad1-433a-8bee-caf95f58af4d,keep,visually_valid,unknown,,,
annotation,ANN_EIRLPRJ_01334,0a6aba2a-a937-4bf4-a594-acdc498b825e,keep,visually_valid,unknown,,,
annotation,ANN_EIRLPRJ_01334,0a73dd23-252e-4054-8f3a-6ae293c21442,keep,visually_valid,unknown,,,
annotation,ANN_EIRLPRJ_01334,0b14bdbd-ce68-4d5c-ac33-f9317072041a,keep,visually_valid,unknown,,,
annotation,ANN_EIRLPRJ_01334,0bcf505f-7b80-4ae0-afe2-3ccd923ebca5,keep,visually_valid,unknown,,,
annotation,ANN_EIRLPRJ_01334,0c29a247-9d0a-45d3-b6dc-d13fe423ffaa,keep,visually_valid,unknown,,,
annotation,ANN_EIRLPRJ_01334,0c33d54c-fff8-4025-9998-6b1cf28a798b,keep,visually_valid,unknown,,,
annotation,ANN_EIRLPRJ_01334,0c5d024e-1836-4706-bd96-2f625797034c,keep,visually_valid,unknown,,,
annotation,ANN_EIRLPRJ_01334,0c6f543c-ea37-41bc-93dc-34e84ca2e678,keep,visually_valid,unknown,,,
annotation,ANN_EIRLPRJ_01334,0cf6f22f-568c-4ad8-90d9-58ba9ee336c0,keep,visually_valid,unknown,,,
annotation,ANN_EIRLPRJ_01334,0d1de07e-ae26-4786-8aeb-4dd8b956c3e3,keep,visually_valid,unknown,,,
annotation,ANN_EIRLPRJ_01334,0d411b2b-7ed3-48c3-8e68-c90e37dec8d7,keep,visually_valid,unknown,,,
annotation,ANN_EIRLPRJ_01334,0da0f0d5-e8dc-4271-be99-d2a7b5b4810f,keep,visually_valid,unknown,,,
annotation,ANN_EIRLPRJ_01334,0e5bd64f-9a0d-4493-bc94-9b739551d3fd,keep,visually_valid,unknown,,,
annotation,ANN_EIRLPRJ_01334,0ed01246-6430-41fc-96fb-efd954536fce,keep,visually_valid,unknown,,,
annotation,ANN_EIRLPRJ_01334,0f312953-700b-487f-9af9-e84121ca4878,keep,visually_valid,unknown,,,
annotation,ANN_EIRLPRJ_01334,0f6d656f-3f52-4e51-949c-029fba171e76,keep,visually_valid,unknown,,,
annotation,ANN_EIRLPRJ_01334,0fb600d4-f719-4d9e-91ba-549d71c1dcb1,keep,visually_valid,unknown,,,
annotation,ANN_EIRLPRJ_01334,0feb90ed-8f07-415d-83a7-9f13bb58723b,keep,visually_valid,unknown,,,
annotation,ANN_EIRLPRJ_01334,113a638f-a772-4b09-a5eb-6926ff985680,keep,visually_valid,unknown,,,
annotation,ANN_EIRLPRJ_01334,114f425e-8816-4482-9339-1e99ee025375,keep,visually_valid,unknown,,,
annotation,ANN_EIRLPRJ_01334,1294e5d6-8a36-452d-bfc9-ff1102e98be6,keep,visually_valid,unknown,,,
annotation,ANN_EIRLPRJ_01334,1328f7c9-18df-44cc-b683-ab9a9b4c3b67,keep,visually_valid,unknown,,,
annotation,ANN_EIRLPRJ_01334,13a857b9-d44c-41d9-a678-83cd8aac1dab,keep,visually_valid,unknown,,,
annotation,ANN_EIRLPRJ_01334,14a69fd9-2bdd-45fe-be58-f2f32fbcf583,keep,visually_valid,unknown,,,
annotation,ANN_EIRLPRJ_01334,14cea1cf-17b1-49bd-b192-bffd19e6af8b,keep,visually_valid,unknown,,,
annotation,ANN_EIRLPRJ_01334,15020677-0020-496e-95ff-4cfd2b52836c,keep,visually_valid,unknown,,,
annotation,ANN_EIRLPRJ_01334,155ad76e-4c08-4bfa-81d2-fc04cb876c36,keep,visually_valid,unknown,,,
annotation,ANN_EIRLPRJ_01334,1568ecb9-5c12-4960-9732-fb053eb69d28,keep,visually_valid,unknown,,,
annotation,ANN_EIRLPRJ_01334,15a4fa17-1b98-4d87-8bdb-a5d6f21a9e00,keep,,unknown,,,
annotation,ANN_EIRLPRJ_01334,160381e5-7fab-4875-a618-ad9f60549cc2,keep,visually_valid,unknown,,,
annotation,ANN_EIRLPRJ_01334,16c0254d-0f02-40c2-9dcd-81c22352b1c8,keep,visually_valid,unknown,,,
annotation,ANN_EIRLPRJ_01334,16d25d0f-4139-4033-a94d-187be3028780,keep,visually_valid,unknown,,,
annotation,ANN_EIRLPRJ_01334,17348bc7-b741-48d9-b824-b313cac8542e,keep,visually_valid,unknown,,,
annotation,ANN_EIRLPRJ_01334,173d1de2-feb0-4b70-98ba-742228f2784a,keep,visually_valid,unknown,,,
annotation,ANN_EIRLPRJ_01334,17800367-179d-4c38-b918-30f502db1b5e,keep,visually_valid,unknown,,,
annotation,ANN_EIRLPRJ_01334,17aa778c-c637-4040-bdd1-2449bc236873,keep,visually_valid,unknown,,,
annotation,ANN_EIRLPRJ_01334,183ff023-deba-42b9-b12d-11a2eb8c569e,keep,visually_valid,unknown,,,
annotation,ANN_EIRLPRJ_01334,19c3725f-4643-442b-b72e-b5af33e8c4db,keep,visually_valid,unknown,,,
annotation,ANN_EIRLPRJ_01334,19c7b25c-19a0-4cd1-802b-a0408f63e5a7,keep,visually_valid,unknown,,,
annotation,ANN_EIRLPRJ_01334,1b0356ad-da5e-4407-8642-33c1c0609f39,keep,visually_valid,unknown,,,
annotation,ANN_EIRLPRJ_01334,1b694f36-78f2-4203-aad6-6ce7c8ca4ac4,keep,visually_valid,unknown,,,
annotation,ANN_EIRLPRJ_01334,1bb5fa5e-e0f0-4d1c-a088-877fc79b1a03,keep,visually_valid,unknown,,,
annotation,ANN_EIRLPRJ_01334,1cad2993-a90b-4752-8f0f-9a1a81eae705,keep,visually_valid,unknown,,,
annotation,ANN_EIRLPRJ_01334,1d1ad39e-2c81-455c-99ed-8b4ea4e9dda3,keep,visually_valid,unknown,,,
annotation,ANN_EIRLPRJ_01334,1da660d4-6912-423f-817a-42feaeffb056,keep,visually_valid,unknown,,,
annotation,ANN_EIRLPRJ_01334,1dd29352-f22c-464a-b2aa-584652a9d695,keep,visually_valid,unknown,,,
annotation,ANN_EIRLPRJ_01334,1dd3fde2-ce87-4007-a330-10971d4615d4,keep,visually_valid,unknown,,,
annotation,ANN_EIRLPRJ_01334,1e29e3e7-9c62-4469-b36d-0a3b261113ce,keep,visually_valid,unknown,,,
annotation,ANN_EIRLPRJ_01334,1e2a7c29-6c3f-466f-8f4f-501c7c0cb228,keep,visually_valid,unknown,,,
annotation,ANN_EIRLPRJ_01334,1e52ffe2-b532-40ec-811a-f5b74e997006,keep,visually_valid,unknown,,,
annotation,ANN_EIRLPRJ_01334,1ef9d447-0781-434b-815e-5d20bf7eddee,keep,visually_valid,unknown,,,
annotation,ANN_EIRLPRJ_01334,1fa0ab17-571c-4b8c-bad0-1cdddb8cecbc,keep,visually_valid,unknown,,,
annotation,ANN_EIRLPRJ_01334,1fa648b5-9ff6-471d-a0b4-8202c5f09a8e,keep,visually_valid,unknown,,,
annotation,ANN_EIRLPRJ_01334,205b6343-d3f5-4adb-aa66-372f7d7407a5,keep,visually_valid,unknown,,,
annotation,ANN_EIRLPRJ_01334,20f0d95c-70f8-495e-bc66-ab5d2183d579,keep,visually_valid,unknown,,,
annotation,ANN_EIRLPRJ_01334,214882f2-5dbf-4a4e-a618-6819afd076da,keep,visually_valid,unknown,,,
annotation,ANN_EIRLPRJ_01334,2150b5e8-95ca-4f98-88bc-234c1d771521,keep,visually_valid,unknown,,,
annotation,ANN_EIRLPRJ_01334,21f0fcbb-c721-45c7-8f7b-a113f54cdf44,keep,visually_valid,unknown,,,
annotation,ANN_EIRLPRJ_01334,22a0030e-401e-4c8f-b6fe-3098c0b9f237,keep,visually_valid,unknown,,,
annotation,ANN_EIRLPRJ_01334,22b4e9ef-bc6b-44de-ab05-ce375e200790,keep,visually_valid,unknown,,,
annotation,ANN_EIRLPRJ_01334,2428dff0-5bc8-4d39-bbbc-8d0dbaa5180c,keep,visually_valid,unknown,,,
annotation,ANN_EIRLPRJ_01334,2478dab4-5116-45f7-a264-acb55d1cbabd,keep,visually_valid,unknown,,,
annotation,ANN_EIRLPRJ_01334,248e4605-500c-4f7c-a711-3973bc0936f0,keep,visually_valid,unknown,,,
annotation,ANN_EIRLPRJ_01334,24c3e89c-90ac-4c58-ad76-a563661f6bcc,keep,visually_valid,unknown,,,
annotation,ANN_EIRLPRJ_01334,24d2fa77-69ae-426c-856a-c8af14a22fc9,keep,visually_valid,unknown,,,
annotation,ANN_EIRLPRJ_01334,24ea30a7-e8f1-47d8-9bef-d498540da571,keep,visually_valid,unknown,,,
annotation,ANN_EIRLPRJ_01334,2521d0de-c180-4bc3-a2a7-9ad8bcf3e3ec,keep,visually_valid,unknown,,,
annotation,ANN_EIRLPRJ_01334,25421d64-7bce-4e7a-be0c-f832e4efbb62,keep,visually_valid,unknown,,,
annotation,ANN_EIRLPRJ_01334,25bd8610-b4ca-4018-8015-bec3a6ab1cde,keep,visually_valid,unknown,,,
annotation,ANN_EIRLPRJ_01334,25cf1e87-aa68-4e81-aa0d-9883ccfe251e,keep,visually_valid,unknown,,,
annotation,ANN_EIRLPRJ_01334,26774f61-65f3-42b6-b0ee-e2b3fd924248,keep,visually_valid,unknown,,,
annotation,ANN_EIRLPRJ_01334,2793de13-f0c6-488e-bbe0-31a6ae810ed6,keep,visually_valid,unknown,,,
annotation,ANN_EIRLPRJ_01334,27cb314f-221f-4a99-bf99-ed391dc2130b,keep,visually_valid,unknown,,,
annotation,ANN_EIRLPRJ_01334,28018363-862a-461b-a3d6-feeea47bbb9a,keep,visually_valid,unknown,,,
annotation,ANN_EIRLPRJ_01334,280da175-3032-4a5c-9a4a-266c39df9d8c,keep,visually_valid,unknown,,,
annotation,ANN_EIRLPRJ_01334,2859c7dd-5324-4c31-9a68-728e9506f81f,keep,visually_valid,unknown,,,
annotation,ANN_EIRLPRJ_01334,28c0e9bf-23fb-4a5b-be82-65982d4c03c5,keep,visually_valid,unknown,,,
annotation,ANN_EIRLPRJ_01334,28dec653-d57a-4da6-b4a2-fb02e0c1207b,keep,visually_valid,unknown,,,
annotation,ANN_EIRLPRJ_01334,28e96852-14a7-42b3-970d-6f8cb63dd6f1,keep,visually_valid,unknown,,,
annotation,ANN_EIRLPRJ_01334,295ba4a5-6471-4d14-ab49-c3eb1142a3c2,keep,visually_valid,unknown,,,
annotation,ANN_EIRLPRJ_01334,29c7d5ec-ea21-4935-811e-ba3f65de344c,keep,visually_valid,unknown,,,
annotation,ANN_EIRLPRJ_01334,29e20035-4baa-41af-9b11-abe106ccbe22,keep,visually_valid,unknown,,,
annotation,ANN_EIRLPRJ_01334,2a322297-95e5-4558-af46-5196e2c02a01,keep,visually_valid,unknown,,,
annotation,ANN_EIRLPRJ_01334,2a3528ad-fba3-4955-86ec-38efe9e28b4f,keep,visually_valid,unknown,,,
annotation,ANN_EIRLPRJ_01334,2afea679-47ec-4d98-a2a0-f71dd43ded63,keep,visually_valid,unknown,,,
annotation,ANN_EIRLPRJ_01334,2bd93851-1392-4a90-adde-ef6f4716e892,keep,visually_valid,unknown,,,
annotation,ANN_EIRLPRJ_01334,2e1c3131-fbdb-424e-9fd4-f52cd1a1e288,keep,visually_valid,unknown,,,
annotation,ANN_EIRLPRJ_01334,2e41e7a8-52e7-4bb0-9e91-3e35792a702e,keep,visually_valid,unknown,,,
annotation,ANN_EIRLPRJ_01334,2e860c55-bbcd-4769-9094-c28e45e985e3,keep,visually_valid,unknown,,,
annotation,ANN_EIRLPRJ_01334,2f58d7d6-07f9-4503-a191-c391c3df7a99,keep,visually_valid,unknown,,,
annotation,ANN_EIRLPRJ_01334,2fa64835-7a2d-48a4-a8c0-e674923cf6c4,keep,visually_valid,unknown,,,
annotation,ANN_EIRLPRJ_01334,2fb646e2-7151-404e-ad90-b73b40d135fd,keep,visually_valid,unknown,,,
annotation,ANN_EIRLPRJ_01334,306e15b8-c29f-4165-b187-3455890e391f,keep,visually_valid,unknown,,,
annotation,ANN_EIRLPRJ_01334,30d91aca-e902-4fe0-a364-df3f3ea82eaa,keep,visually_valid,unknown,,,
annotation,ANN_EIRLPRJ_01334,317e31a4-2349-4e0e-9e5f-38aea9eb4f72,keep,visually_valid,unknown,,,
annotation,ANN_EIRLPRJ_01334,3181e33c-e524-48c3-b1b3-69b997a53be3,keep,visually_valid,unknown,,,
annotation,ANN_EIRLPRJ_01334,31866e9f-8818-4729-acc3-340a48fca213,keep,visually_valid,unknown,,,
annotation,ANN_EIRLPRJ_01334,31a671de-d85a-4f7a-9a0b-63649bca2c52,keep,visually_valid,unknown,,,
annotation,ANN_EIRLPRJ_01334,31e0b468-872e-4a4e-9d69-d78332dc28d3,keep,visually_valid,unknown,,,
annotation,ANN_EIRLPRJ_01334,32044b92-79ee-45ed-a6f2-ce63151fa26b,keep,visually_valid,unknown,,,
annotation,ANN_EIRLPRJ_01334,325e0003-73a3-40de-9d95-00d062090264,keep,visually_valid,unknown,,,
annotation,ANN_EIRLPRJ_01334,32dbd74b-87e7-4fd3-97ba-e9ac13d6f3af,keep,visually_valid,unknown,,,
annotation,ANN_EIRLPRJ_01334,32ff8d2b-6098-4686-b5ed-baaeb6c0394d,keep,visually_valid,unknown,,,
annotation,ANN_EIRLPRJ_01334,33e01c2b-bf76-41c4-a7c4-ad75f3efb8bc,keep,visually_valid,unknown,,,
annotation,ANN_EIRLPRJ_01334,33e8514f-d72b-4ba9-8e5e-3609dbdf5305,keep,visually_valid,unknown,,,
annotation,ANN_EIRLPRJ_01334,34060d4f-4547-47b2-b01c-800a6aa32d7d,keep,visually_valid,unknown,,,
annotation,ANN_EIRLPRJ_01334,3437005e-866a-4fd1-b25b-39dfdb61f8dc,keep,visually_valid,unknown,,,
annotation,ANN_EIRLPRJ_01334,34374faf-07ac-4763-8cc2-b5c85fc6323e,keep,visually_valid,unknown,,,
annotation,ANN_EIRLPRJ_01334,347f14ca-99b4-4a4a-bd9b-900aad6f869f,keep,visually_valid,unknown,,,
annotation,ANN_EIRLPRJ_01334,356948c9-d97b-484d-94f0-e116699ac7aa,keep,visually_valid,unknown,,,
annotation,ANN_EIRLPRJ_01334,35a8043e-bae1-4774-804c-311ab809df2f,keep,visually_valid,unknown,,,
annotation,ANN_EIRLPRJ_01334,35fd60af-f97c-4505-b8dc-cacbc88a717c,keep,visually_valid,unknown,,,
annotation,ANN_EIRLPRJ_01334,365b0a11-816f-486b-8d2c-bac21b7e4e70,keep,visually_valid,unknown,,,
annotation,ANN_EIRLPRJ_01334,374c1ae4-14fa-4deb-b620-26aabbe5f7c0,keep,visually_valid,unknown,,,
annotation,ANN_EIRLPRJ_01334,3758667c-1c15-421a-8338-ca22145b3b05,keep,visually_valid,unknown,,,
annotation,ANN_EIRLPRJ_01334,37805f85-cea4-4c69-8f9f-ef50e1d783d9,keep,visually_valid,unknown,,,
annotation,ANN_EIRLPRJ_01334,38271158-df29-4fe0-bee5-b12892da99d3,keep,visually_valid,unknown,,,
annotation,ANN_EIRLPRJ_01334,39150a54-de9c-4a62-8f53-50a69addc0de,keep,visually_valid,unknown,,,
annotation,ANN_EIRLPRJ_01334,39ad6b81-7a52-4ed0-977e-8a1813ae2708,keep,visually_valid,unknown,,,
annotation,ANN_EIRLPRJ_01334,3a4631e7-0974-4946-9210-5fdf75cbdb3d,keep,visually_valid,unknown,,,
annotation,ANN_EIRLPRJ_01334,3adb799e-eaec-4d22-b779-685b55ba33e1,keep,visually_valid,unknown,,,
annotation,ANN_EIRLPRJ_01334,3b2dc07e-db3d-4e86-9838-4c5bf0e7c59c,keep,visually_valid,unknown,,,
annotation,ANN_EIRLPRJ_01334,3b7fdc34-df52-4ba1-946e-5babbe7d8480,keep,visually_valid,unknown,,,
annotation,ANN_EIRLPRJ_01334,3b905299-d819-4aae-9ccc-d9cb6f5109d9,keep,visually_valid,unknown,,,
annotation,ANN_EIRLPRJ_01334,3d2b33a6-b6fc-4c32-b9a1-b5bd01187d7b,keep,visually_valid,unknown,,,
annotation,ANN_EIRLPRJ_01334,3d7df3eb-5b8e-4d25-93d4-21f0b762efe5,keep,visually_valid,unknown,,,
annotation,ANN_EIRLPRJ_01334,3de44c1f-4f0a-4ae3-a421-06d40a5e4f69,keep,visually_valid,unknown,,,
annotation,ANN_EIRLPRJ_01334,3e097fc2-4d85-4d60-9a1b-586e069606a5,keep,visually_valid,unknown,,,
annotation,ANN_EIRLPRJ_01334,3e2106df-d784-4e62-97f2-726cdf095ab0,keep,visually_valid,unknown,,,
annotation,ANN_EIRLPRJ_01334,3e4683b3-2bde-4e5d-969f-e35b7bf893ba,keep,visually_valid,unknown,,,
annotation,ANN_EIRLPRJ_01334,3eabd474-7433-4a5d-a54a-5d0b3e6728d7,keep,visually_valid,unknown,,,
annotation,ANN_EIRLPRJ_01334,4085971b-469d-4504-9983-2bdf5abf005f,keep,visually_valid,unknown,,,
annotation,ANN_EIRLPRJ_01334,408afe75-67f0-4f7d-922c-95707a800c50,keep,visually_valid,unknown,,,
annotation,ANN_EIRLPRJ_01334,40942215-677a-4bf4-94a6-e536df554523,keep,visually_valid,unknown,,,
annotation,ANN_EIRLPRJ_01334,415157b9-1690-43cd-b9bd-a6841b1ff76d,keep,visually_valid,unknown,,,
annotation,ANN_EIRLPRJ_01334,416d7c40-0bd2-4e57-bbe2-0877a814ff3d,keep,visually_valid,unknown,,,
annotation,ANN_EIRLPRJ_01334,41f1c75e-9041-4d79-8379-0f9ad69333b1,keep,visually_valid,unknown,,,
annotation,ANN_EIRLPRJ_01334,42297d5c-09ad-4591-ad84-d03aa685140b,keep,visually_valid,unknown,,,
annotation,ANN_EIRLPRJ_01334,42d609fe-ead1-414f-8d12-901adb991317,keep,visually_valid,unknown,,,
annotation,ANN_EIRLPRJ_01334,43562514-7908-4cdd-9a0a-a239a1584b87,keep,visually_valid,unknown,,,
annotation,ANN_EIRLPRJ_01334,43bc3a64-a4ba-4de2-ad89-d29a36f97956,keep,visually_valid,unknown,,,
annotation,ANN_EIRLPRJ_01334,43cb5f23-ab1b-4712-a22c-fc3e29c3cb55,keep,visually_valid,unknown,,,
annotation,ANN_EIRLPRJ_01334,43cea6bf-2621-47a5-8ac6-5098e62d8f5e,keep,visually_valid,unknown,,,
annotation,ANN_EIRLPRJ_01334,440e79b0-10ba-46d4-8853-dcae40cd92c5,keep,visually_valid,unknown,,,
annotation,ANN_EIRLPRJ_01334,441c1a8c-3509-448d-8d3b-c46690cff8f0,keep,visually_valid,unknown,,,
annotation,ANN_EIRLPRJ_01334,44a5211e-84c8-4687-89ea-7303a66160eb,keep,visually_valid,unknown,,,
annotation,ANN_EIRLPRJ_01334,45098ea6-1c3e-4153-8286-9bf9b39d8717,keep,visually_valid,unknown,,,
annotation,ANN_EIRLPRJ_01334,4631c665-61ca-47b8-8df1-dca4f9cec549,keep,visually_valid,unknown,,,
annotation,ANN_EIRLPRJ_01334,46d9cd62-7885-4bb6-b219-7098e94219c3,keep,visually_valid,unknown,,,
annotation,ANN_EIRLPRJ_01334,46df3f6a-2207-4137-839e-e923e8dbb1c4,keep,visually_valid,unknown,,,
annotation,ANN_EIRLPRJ_01334,4721b482-e244-4ff2-a6ea-336c53062f55,keep,visually_valid,unknown,,,
annotation,ANN_EIRLPRJ_01334,47c9afab-9979-4874-820b-f2e77548c54f,keep,visually_valid,unknown,,,
annotation,ANN_EIRLPRJ_01334,47f24a5f-d233-4749-9315-8dfb77a341b6,keep,visually_valid,unknown,,,
annotation,ANN_EIRLPRJ_01334,481e646e-22c9-4758-81e3-6bc4c491eb67,keep,visually_valid,unknown,,,
annotation,ANN_EIRLPRJ_01334,483b07af-9742-442f-9162-48160fdb5246,keep,visually_valid,unknown,,,
annotation,ANN_EIRLPRJ_01334,489395a1-f6ed-414e-96ac-cc12dc15c838,keep,visually_valid,unknown,,,
annotation,ANN_EIRLPRJ_01334,48bb8606-77f7-44ae-82b5-9ac1f2829e6e,keep,visually_valid,unknown,,,
annotation,ANN_EIRLPRJ_01334,492bcb50-d188-4136-a035-bb8217326489,keep,visually_valid,unknown,,,
annotation,ANN_EIRLPRJ_01334,49334a69-69cc-46e4-8a6d-3ffe08503e0a,keep,visually_valid,unknown,,,
annotation,ANN_EIRLPRJ_01334,496e4384-d4b2-4735-97d6-676664b676ff,keep,visually_valid,unknown,,,
annotation,ANN_EIRLPRJ_01334,498a1cf0-788d-4831-8e08-f203749398ab,keep,visually_valid,unknown,,,
annotation,ANN_EIRLPRJ_01334,4a60cff1-7c4c-43cb-94ca-3fa378a6c2dc,keep,visually_valid,unknown,,,
annotation,ANN_EIRLPRJ_01334,4a663710-8d26-4b55-a8e2-717b052c328a,keep,visually_valid,unknown,,,
annotation,ANN_EIRLPRJ_01334,4b25d8df-4ca2-4e48-810d-7da3257f92a3,keep,visually_valid,unknown,,,
annotation,ANN_EIRLPRJ_01334,4c1b36ce-d442-43cb-98b8-2eaf43f1161a,keep,visually_valid,unknown,,,
annotation,ANN_EIRLPRJ_01334,4c2cec59-006d-464e-b37b-9a691c470029,keep,visually_valid,unknown,,,
annotation,ANN_EIRLPRJ_01334,4ca9e4ed-0fa5-4fb4-9d85-43737ee44211,keep,visually_valid,unknown,,,
annotation,ANN_EIRLPRJ_01334,4d381270-5006-4947-a435-063c50171270,keep,visually_valid,unknown,,,
annotation,ANN_EIRLPRJ_01334,4dda3b68-0960-4402-88d9-26b1ab799775,keep,visually_valid,unknown,,,
annotation,ANN_EIRLPRJ_01334,4eb1b208-c261-4280-ba78-5b4462fcb542,keep,visually_valid,unknown,,,
annotation,ANN_EIRLPRJ_01334,4ed6921c-f67c-4941-a5b2-096ddea7b26c,keep,visually_valid,unknown,,,
annotation,ANN_EIRLPRJ_01334,4f06b7f0-7a30-4b25-9d3b-f8c47d8af175,keep,visually_valid,unknown,,,
annotation,ANN_EIRLPRJ_01334,4f7dbded-1654-46d1-951f-fa6de402f580,keep,visually_valid,unknown,,,
annotation,ANN_EIRLPRJ_01334,4fc2d663-34db-44ae-9d27-27228798b761,keep,visually_valid,unknown,,,
annotation,ANN_EIRLPRJ_01334,5016c955-ffb8-421b-aa75-77c9e9c5671c,keep,visually_valid,unknown,,,
annotation,ANN_EIRLPRJ_01334,50534db6-bb99-4e73-a93f-e7257d70df28,keep,visually_valid,unknown,,,
annotation,ANN_EIRLPRJ_01334,51d89cdf-e181-4d1e-8019-5c729c2977f7,keep,visually_valid,unknown,,,
annotation,ANN_EIRLPRJ_01334,5225e3a8-26b8-4d69-8379-b05ab4bd9baa,keep,visually_valid,unknown,,,
annotation,ANN_EIRLPRJ_01334,52b1cc81-7f5a-4d33-9fb9-b2ec33d4b58a,keep,visually_valid,unknown,,,
annotation,ANN_EIRLPRJ_01334,55153823-9cdf-46b4-88d0-b363c6f60d39,keep,visually_valid,unknown,,,
annotation,ANN_EIRLPRJ_01334,5532400b-77f2-4700-a6cd-2d0b6e82fe86,keep,visually_valid,unknown,,,
annotation,ANN_EIRLPRJ_01334,5547ca01-0ff8-4cd4-9d2c-fa4d11b30039,keep,visually_valid,unknown,,,
annotation,ANN_EIRLPRJ_01334,5551eb6f-e2c4-4807-92f6-a7dc2b387a4c,keep,visually_valid,unknown,,,
annotation,ANN_EIRLPRJ_01334,560d7a07-911f-4745-b2c0-0a0e189f5292,keep,visually_valid,unknown,,,
annotation,ANN_EIRLPRJ_01334,56b13cdd-fe29-4d2f-a6c0-528c6c10634e,keep,visually_valid,unknown,,,
annotation,ANN_EIRLPRJ_01334,56c91259-7e52-4e2a-9b19-d04fb51bb791,keep,visually_valid,unknown,,,
annotation,ANN_EIRLPRJ_01334,56e96c4d-592b-4260-9d09-da6e8216d4c7,keep,visually_valid,unknown,,,
annotation,ANN_EIRLPRJ_01334,57651fba-785e-4d05-a238-8046016becd1,keep,visually_valid,unknown,,,
annotation,ANN_EIRLPRJ_01334,578cd626-cf1a-462f-a29c-f29e822e0c4e,keep,visually_valid,unknown,,,
annotation,ANN_EIRLPRJ_01334,57bbb250-9bcb-4512-b813-23e7d54f20f9,keep,visually_valid,unknown,,,
annotation,ANN_EIRLPRJ_01334,5834a236-3a6e-40ec-bc97-2c39a6556437,keep,visually_valid,unknown,,,
annotation,ANN_EIRLPRJ_01334,5868059b-2e10-4182-a27a-fcbd8f80c1e6,keep,visually_valid,unknown,,,
annotation,ANN_EIRLPRJ_01334,588608ac-d374-4724-a02e-9eca1b3e1538,keep,visually_valid,unknown,,,
annotation,ANN_EIRLPRJ_01334,58f2e41a-f877-4703-b4f3-a6c2911ad42d,keep,visually_valid,unknown,,,
annotation,ANN_EIRLPRJ_01334,597a798e-088b-4319-a371-428f24742a75,keep,visually_valid,unknown,,,
annotation,ANN_EIRLPRJ_01334,5ab08839-2568-41f3-9155-b44a605da780,keep,visually_valid,unknown,,,
annotation,ANN_EIRLPRJ_01334,5ae19897-b3f5-4e9d-941c-e6244b532828,keep,visually_valid,unknown,,,
annotation,ANN_EIRLPRJ_01334,5bdb1c84-b378-4678-a9e2-b8869fb9aabe,keep,visually_valid,unknown,,,
annotation,ANN_EIRLPRJ_01334,5c406463-83cc-40e7-9888-28345d0c3637,keep,visually_valid,unknown,,,
annotation,ANN_EIRLPRJ_01334,5c5deec2-c4d9-46b9-a834-8c851a8c86af,keep,visually_valid,unknown,,,
annotation,ANN_EIRLPRJ_01334,5cf2665f-9860-4d5d-8bf2-3b4e0f6d0e3d,keep,visually_valid,unknown,,,
annotation,ANN_EIRLPRJ_01334,5d693d19-d834-48c1-b42a-82e77e3f8a99,keep,visually_valid,unknown,,,
annotation,ANN_EIRLPRJ_01334,5ddc6c47-3f1b-49b3-bed3-2a00f0dabce9,keep,visually_valid,unknown,,,
annotation,ANN_EIRLPRJ_01334,5e14eb7b-4a04-439b-9bec-646ac7aa5c25,keep,visually_valid,unknown,,,
annotation,ANN_EIRLPRJ_01334,5f9e7ef6-4104-47ec-adcd-2fb5c0608577,keep,visually_valid,unknown,,,
annotation,ANN_EIRLPRJ_01334,600f0cb6-94c2-4a68-9ce4-372d40696e42,keep,visually_valid,unknown,,,
annotation,ANN_EIRLPRJ_01334,60206fc2-7a29-48a1-a89b-e00a22fd7e8d,keep,visually_valid,unknown,,,
annotation,ANN_EIRLPRJ_01334,60aaafe0-e42a-42d3-8a21-950c8b65f332,keep,visually_valid,unknown,,,
annotation,ANN_EIRLPRJ_01334,60f8b946-1f9b-4c67-8ea3-907aec28c16c,keep,visually_valid,unknown,,,
annotation,ANN_EIRLPRJ_01334,61612266-09ad-458d-9e9d-9d05d56b27b9,keep,visually_valid,unknown,,,
annotation,ANN_EIRLPRJ_01334,61dcfbd2-e50b-4e0b-8506-698474ecc3e2,keep,visually_valid,unknown,,,
annotation,ANN_EIRLPRJ_01334,62062523-ea90-43a1-b135-96b983d248c7,keep,visually_valid,unknown,,,
annotation,ANN_EIRLPRJ_01334,62879a0c-8c22-4cd9-9cb2-88fb70918873,keep,visually_valid,unknown,,,
annotation,ANN_EIRLPRJ_01334,629bb4f9-2d58-4275-98ca-3619cdc6f0ce,keep,visually_valid,unknown,,,
annotation,ANN_EIRLPRJ_01334,62ce09c8-8821-4fd3-b48b-b122dbc86ddb,keep,visually_valid,unknown,,,
annotation,ANN_EIRLPRJ_01334,640d1a03-dc2b-4248-be03-37bd2e30ea3d,keep,visually_valid,unknown,,,
annotation,ANN_EIRLPRJ_01334,64148023-96e8-45d3-902e-e4c844adad6c,keep,visually_valid,unknown,,,
annotation,ANN_EIRLPRJ_01334,64bd10e9-7fa5-4e2c-8d10-65389d36495b,keep,visually_valid,unknown,,,
annotation,ANN_EIRLPRJ_01334,650f516c-9f94-445a-b9f5-cc52bf520745,keep,visually_valid,unknown,,,
annotation,ANN_EIRLPRJ_01334,654697e4-ee94-47dc-ab91-606e68a0924e,keep,visually_valid,unknown,,,
annotation,ANN_EIRLPRJ_01334,654af37a-ce5f-4417-82f4-fd6630a14922,keep,visually_valid,unknown,,,
annotation,ANN_EIRLPRJ_01334,65788fde-98bf-4292-a886-62d6ebc1a757,keep,visually_valid,unknown,,,
annotation,ANN_EIRLPRJ_01334,65aab4a2-c10d-4556-b525-cedcf8a3fa11,keep,visually_valid,unknown,,,
annotation,ANN_EIRLPRJ_01334,65e91397-f384-473b-8c3d-682eddd52748,keep,visually_valid,unknown,,,
annotation,ANN_EIRLPRJ_01334,661a57a6-1dfb-4710-a947-1ec43dac37fc,keep,visually_valid,unknown,,,
annotation,ANN_EIRLPRJ_01334,6691b4a3-df26-4836-a319-f2253c0d45a7,keep,visually_valid,unknown,,,
annotation,ANN_EIRLPRJ_01334,66b8ec0c-1762-458c-8bba-3ff8b59b0a76,keep,visually_valid|invalid_annotation,unknown,,,
annotation,ANN_EIRLPRJ_01334,66f151d1-21d7-4fb4-9440-bddf0f2e6288,keep,visually_valid,unknown,,,
annotation,ANN_EIRLPRJ_01334,679e9976-3882-4947-b56b-8032b7fec4d2,keep,visually_valid,unknown,,,
annotation,ANN_EIRLPRJ_01334,6909cd00-d157-47b0-b95a-c18ef827f052,exclude,visually_valid,unknown,,,
annotation,ANN_EIRLPRJ_01334,6970a7e3-694f-4df4-95cb-835bdc4f04f9,keep,visually_valid,unknown,,,
annotation,ANN_EIRLPRJ_01334,6a25ae76-f36a-4375-9112-8939cab98a88,keep,visually_valid,unknown,,,
annotation,ANN_EIRLPRJ_01334,6a6fccb0-4fe2-45a8-8e8b-728b78d6bfe4,keep,visually_valid,unknown,,,
annotation,ANN_EIRLPRJ_01334,6a78b2b0-01a9-4668-a9ad-f80f037a0292,keep,visually_valid,unknown,,,
annotation,ANN_EIRLPRJ_01334,6aba1fcd-3bb2-43de-9e4b-47f91236e073,keep,visually_valid,unknown,,,
annotation,ANN_EIRLPRJ_01334,6c113e85-e5be-4d04-9d5a-2658008f2df2,keep,visually_valid,unknown,,,
annotation,ANN_EIRLPRJ_01334,6c2d30e0-9a4e-4e43-908e-ce5091a2d0b6,keep,visually_valid,unknown,,,
annotation,ANN_EIRLPRJ_01334,6c37732e-1512-4641-9afa-86e0c4da5f8f,keep,visually_valid,unknown,,,
annotation,ANN_EIRLPRJ_01334,6c7eaae3-104d-4557-ac74-07ed4b9040fb,keep,visually_valid,unknown,,,
annotation,ANN_EIRLPRJ_01334,6ccb4ce0-d950-401b-ac58-ca45ea617386,keep,visually_valid,unknown,,,
annotation,ANN_EIRLPRJ_01334,6d360b33-0097-4977-9e73-cb811242c7a3,keep,visually_valid,unknown,,,
annotation,ANN_EIRLPRJ_01334,6d63b1e2-e14a-496f-bdc6-134c42eba6a1,keep,visually_valid,unknown,,,
annotation,ANN_EIRLPRJ_01334,6d8da95c-c50c-453b-a2ed-bcf4b80eaad4,keep,visually_valid,unknown,,,
annotation,ANN_EIRLPRJ_01334,6deabee2-cf9a-43c6-a180-7045a9c1747b,keep,visually_valid,unknown,,,
annotation,ANN_EIRLPRJ_01334,6e96e792-b50c-425f-9d94-1aa2a9e9ec22,keep,visually_valid,unknown,,,
annotation,ANN_EIRLPRJ_01334,70247fbb-ab92-4a55-99d4-71470aada88f,keep,visually_valid,unknown,,,
annotation,ANN_EIRLPRJ_01334,708aca91-6c50-4c58-b2b2-aaac6e25f2a4,keep,visually_valid,unknown,,,
annotation,ANN_EIRLPRJ_01334,70fe142f-d42d-4554-8cca-59307b8bfd0e,keep,visually_valid,unknown,,,
annotation,ANN_EIRLPRJ_01334,7238dc98-7073-472b-84e2-f36ebed2c375,keep,visually_valid,unknown,,,
annotation,ANN_EIRLPRJ_01334,72bb5b55-2b94-405a-b7c0-40f8e53005a7,keep,visually_valid,unknown,,,
annotation,ANN_EIRLPRJ_01334,73c714af-07b8-43cd-9e92-a38cd8c849e6,keep,visually_valid,unknown,,,
annotation,ANN_EIRLPRJ_01334,73cb6a66-03b1-4750-983f-9a4fc2f105b5,keep,visually_valid,unknown,,,
annotation,ANN_EIRLPRJ_01334,73d1da06-cdd5-4c81-8acf-d5024aaf2b1a,keep,visually_valid,unknown,,,
annotation,ANN_EIRLPRJ_01334,74be1819-4e30-413a-8532-302c9c78414b,keep,visually_valid,unknown,,,
annotation,ANN_EIRLPRJ_01334,74c5f4e2-6a49-4250-8dff-df1580ed4075,keep,visually_valid,unknown,,,
annotation,ANN_EIRLPRJ_01334,74ed0836-e1d0-49f6-920b-7dd9288c4b84,keep,visually_valid,unknown,,,
annotation,ANN_EIRLPRJ_01334,7530d2fd-fe87-4cc1-b998-e44277eba59e,keep,visually_valid,unknown,,,
annotation,ANN_EIRLPRJ_01334,753302d0-d845-4432-bcd5-2611def09b2e,keep,visually_valid,unknown,,,
annotation,ANN_EIRLPRJ_01334,756bf6ca-a539-465f-9044-fd1281917e4a,keep,visually_valid,unknown,,,
annotation,ANN_EIRLPRJ_01334,75d5a049-e7f3-4f97-9b79-9bb7f88f15c1,keep,visually_valid,unknown,,,
annotation,ANN_EIRLPRJ_01334,75f0d628-93d1-4ab3-994a-9907eac5ab3b,keep,visually_valid,unknown,,,
annotation,ANN_EIRLPRJ_01334,767ed328-aa7d-47b0-a2e7-8b2f26ea004d,keep,visually_valid,unknown,,,
annotation,ANN_EIRLPRJ_01334,76b92281-5a4d-4c6e-9f7c-e33580d86344,keep,visually_valid,unknown,,,
annotation,ANN_EIRLPRJ_01334,77bf54f7-3976-411a-9153-640c35da399f,keep,visually_valid,unknown,,,
annotation,ANN_EIRLPRJ_01334,78427522-c46f-49e3-9eb4-7bca00cf9fc4,keep,visually_valid,unknown,,,
annotation,ANN_EIRLPRJ_01334,78701e30-7f12-4cca-99a4-02edb3277056,keep,visually_valid,unknown,,,
annotation,ANN_EIRLPRJ_01334,78847532-c335-47dc-8437-8046a887d6b1,keep,visually_valid,unknown,,,
annotation,ANN_EIRLPRJ_01334,788a2a1f-9e63-4040-b3d3-90c3dd59d857,keep,visually_valid,unknown,,,
annotation,ANN_EIRLPRJ_01334,789cf1fc-bac6-41dc-ac14-d50cadf49b61,keep,visually_valid,unknown,,,
annotation,ANN_EIRLPRJ_01334,78b2a12f-9db4-47ad-a86b-937dd9028206,keep,visually_valid,unknown,,,
annotation,ANN_EIRLPRJ_01334,78dd255c-c7b6-467a-95d9-6426d1ced3ca,keep,visually_valid,unknown,,,
annotation,ANN_EIRLPRJ_01334,799685ad-3fca-4f71-ad44-19a513b0df23,keep,visually_valid,unknown,,,
annotation,ANN_EIRLPRJ_01334,79deb9c9-2eb3-426d-a135-4b1f0e828289,keep,visually_valid,unknown,,,
annotation,ANN_EIRLPRJ_01334,7a6dcda3-81fb-4ff9-87a5-fc11ff779446,keep,visually_valid,unknown,,,
annotation,ANN_EIRLPRJ_01334,7a9c3ac7-bce9-4d3d-818c-5aa5a6071889,keep,visually_valid,unknown,,,
annotation,ANN_EIRLPRJ_01334,7b5be554-83bf-4f4b-bdf8-86a28c0a38a1,keep,visually_valid,unknown,,,
annotation,ANN_EIRLPRJ_01334,7c31412a-391b-45d5-8a0c-46490984be4d,keep,visually_valid,unknown,,,
annotation,ANN_EIRLPRJ_01334,7c362c86-fd60-43da-a1eb-edbbc2f9126d,keep,visually_valid,unknown,,,
annotation,ANN_EIRLPRJ_01334,7c92d2a9-994a-405c-bee4-9133827ca284,keep,visually_valid,unknown,,,
annotation,ANN_EIRLPRJ_01334,7cac10bc-5d43-4440-b2c5-6297b293d1c8,keep,visually_valid,unknown,,,
annotation,ANN_EIRLPRJ_01334,7cb1f424-d161-4315-95eb-d0aed8a1cca1,keep,visually_valid,unknown,,,
annotation,ANN_EIRLPRJ_01334,7d09789a-8a0b-48bb-86b8-b5fd1bc64024,keep,visually_valid,unknown,,,
annotation,ANN_EIRLPRJ_01334,7dcd3b57-b400-495a-aec4-62dcac97d62a,keep,visually_valid,unknown,,,
annotation,ANN_EIRLPRJ_01334,7e2d2c19-9fb2-4a7b-b51e-ebc97328585c,keep,visually_valid,unknown,,,
annotation,ANN_EIRLPRJ_01334,7e66aed9-48f0-426f-a03a-1bd78d8da004,keep,visually_valid,unknown,,,
annotation,ANN_EIRLPRJ_01334,7f48333e-e7a7-4c7a-a502-abf8e68dc383,keep,visually_valid,unknown,,,
annotation,ANN_EIRLPRJ_01334,80c19708-c903-4f6d-b8d1-ee7395a2dbaa,keep,visually_valid,unknown,,,
annotation,ANN_EIRLPRJ_01334,813fb6e0-f430-4862-8e4d-c534cd69f21b,keep,visually_valid,unknown,,,
annotation,ANN_EIRLPRJ_01334,818fe145-46fa-480c-b012-dd06858b1b05,keep,visually_valid,unknown,,,
annotation,ANN_EIRLPRJ_01334,81ec25b2-1959-4f14-b225-cd6de6d84d1a,keep,visually_valid,unknown,,,
annotation,ANN_EIRLPRJ_01334,82032754-35f3-4b5c-ad5a-d6c246c47f0c,keep,visually_valid,unknown,,,
annotation,ANN_EIRLPRJ_01334,8266f678-db8f-43ee-b765-a4f3cc919670,keep,visually_valid,unknown,,,
annotation,ANN_EIRLPRJ_01334,82d77126-00cd-4742-8360-2a0c93dc5e96,keep,visually_valid,unknown,,,
annotation,ANN_EIRLPRJ_01334,82dcf159-22e8-45e0-916a-76120a89de40,keep,visually_valid,unknown,,,
annotation,ANN_EIRLPRJ_01334,82dd52a0-db41-46bc-8e8a-df998e594b11,keep,invalid_annotation,unknown,,,
annotation,ANN_EIRLPRJ_01334,835b2b45-0d44-4e81-b79a-4287b5d3fc5a,keep,visually_valid,unknown,,,
annotation,ANN_EIRLPRJ_01334,844c5503-b0aa-46d6-a9fa-b79b4ce1e900,keep,visually_valid,unknown,,,
annotation,ANN_EIRLPRJ_01334,84d0cd65-f617-4479-a763-679aa75c4fe8,keep,visually_valid,unknown,,,
annotation,ANN_EIRLPRJ_01334,850efaae-09ba-42d6-b533-49fe51369ead,keep,visually_valid,unknown,,,
annotation,ANN_EIRLPRJ_01334,85b4dcf2-6992-451b-9aa1-80a3c02132d4,keep,visually_valid,unknown,,,
annotation,ANN_EIRLPRJ_01334,862fbc7b-e106-4c1d-9c52-5bb3c95afa99,keep,visually_valid,unknown,,,
annotation,ANN_EIRLPRJ_01334,8645b35e-fe9d-4045-bf7a-154854934fc5,keep,visually_valid,unknown,,,
annotation,ANN_EIRLPRJ_01334,87179c9e-9e63-40af-9753-5203d3745006,keep,visually_valid,unknown,,,
annotation,ANN_EIRLPRJ_01334,884ef1cc-1983-44dc-b79b-6db388128fb3,keep,visually_valid,unknown,,,
annotation,ANN_EIRLPRJ_01334,8944ac76-bfd3-4d39-a82d-79040ddd9002,keep,visually_valid,unknown,,,
annotation,ANN_EIRLPRJ_01334,8966e0dc-62c9-4631-8bf9-af576135479d,keep,visually_valid,unknown,,,
annotation,ANN_EIRLPRJ_01334,8998613c-5a41-4c73-acf4-e923277a448e,keep,visually_valid,unknown,,,
annotation,ANN_EIRLPRJ_01334,89d03337-d43b-4f88-a1bb-e1786c656cff,keep,visually_valid,unknown,,,
annotation,ANN_EIRLPRJ_01334,89d90505-276d-49ca-809f-9847cad4668d,keep,visually_valid,unknown,,,
annotation,ANN_EIRLPRJ_01334,8b2a85fe-fb8c-41e5-b2f9-d4405e1af9b4,keep,visually_valid,unknown,,,
annotation,ANN_EIRLPRJ_01334,8b45235d-77a9-4953-b0b6-f1fba604156a,keep,visually_valid,unknown,,,
annotation,ANN_EIRLPRJ_01334,8b73e48d-5df0-4217-8b16-57e167663479,keep,visually_valid,unknown,,,
annotation,ANN_EIRLPRJ_01334,8b8f73f5-8dfc-41c5-8296-fccbaf0534fa,keep,visually_valid,unknown,,,
annotation,ANN_EIRLPRJ_01334,8bedb468-d96f-479b-b709-68e44a06b483,keep,visually_valid,unknown,,,
annotation,ANN_EIRLPRJ_01334,8cc123b7-706b-4129-8134-386c44cef626,keep,visually_valid,unknown,,,
annotation,ANN_EIRLPRJ_01334,8cfcd0cd-94af-4532-a081-f23e33243e97,keep,visually_valid,unknown,,,
annotation,ANN_EIRLPRJ_01334,8d4f6f84-3d69-4275-9e18-122001c09951,keep,visually_valid,unknown,,,
annotation,ANN_EIRLPRJ_01334,8d74a58a-32ac-403b-88dc-d67e84c9ef8c,keep,visually_valid,unknown,,,
annotation,ANN_EIRLPRJ_01334,8d7aaacb-1e43-4a0e-980f-81b9e0c4e51a,keep,visually_valid,unknown,,,
annotation,ANN_EIRLPRJ_01334,8e671a15-c69f-4081-a19c-12d8c14d590b,keep,visually_valid,unknown,,,
annotation,ANN_EIRLPRJ_01334,8f8c3976-34db-43bd-8906-a6f67b1b6870,keep,visually_valid,unknown,,,
annotation,ANN_EIRLPRJ_01334,8ffb8c76-034f-4e81-9a93-dfd177a18172,keep,visually_valid,unknown,,,
annotation,ANN_EIRLPRJ_01334,90544893-8fd9-4816-aa12-d0596f95eb76,keep,visually_valid,unknown,,,
annotation,ANN_EIRLPRJ_01334,9060f5b4-9931-4ca7-a4db-1d4383976bf7,keep,visually_valid,unknown,,,
annotation,ANN_EIRLPRJ_01334,90e400e4-0440-4e81-8b40-2d99622af468,keep,visually_valid,unknown,,,
annotation,ANN_EIRLPRJ_01334,90ea1120-ed9d-44bc-839b-f308e3b92abc,keep,visually_valid,unknown,,,
annotation,ANN_EIRLPRJ_01334,90f897ea-b86c-4613-867e-1396c24620e3,keep,visually_valid,unknown,,,
annotation,ANN_EIRLPRJ_01334,9149b5fa-a645-4091-8492-4a040235f806,keep,visually_valid,unknown,,,
annotation,ANN_EIRLPRJ_01334,915d3eaa-a097-4c53-90cb-240dacfaae42,keep,visually_valid,unknown,,,
annotation,ANN_EIRLPRJ_01334,9177f1f9-669b-463e-8003-2538bacbfddf,keep,visually_valid,unknown,,,
annotation,ANN_EIRLPRJ_01334,921ef8bc-da27-48f4-a6b7-4b9fa8842094,keep,visually_valid,unknown,,,
annotation,ANN_EIRLPRJ_01334,92b7da79-4107-4d45-a31f-91577d74ea5c,keep,visually_valid,unknown,,,
annotation,ANN_EIRLPRJ_01334,931a8581-5e3e-4eb4-8c25-0ddf92963391,keep,visually_valid,unknown,,,
annotation,ANN_EIRLPRJ_01334,93c15c4d-63ff-4cef-b646-5c1c2adc0cce,keep,visually_valid,unknown,,,
annotation,ANN_EIRLPRJ_01334,93cac3da-f157-4e43-9efb-86c4a9e143d5,keep,visually_valid,unknown,,,
annotation,ANN_EIRLPRJ_01334,93ce7d64-96b1-49e1-a6a3-79d1d387571e,keep,visually_valid,unknown,,,
annotation,ANN_EIRLPRJ_01334,93e29b75-6be7-4d36-b989-64a17cc73c55,keep,visually_valid,unknown,,,
annotation,ANN_EIRLPRJ_01334,955c2c4f-e588-4815-a1b8-64ed3d8dbe93,keep,visually_valid,unknown,,,
annotation,ANN_EIRLPRJ_01334,9562645f-a966-46a9-9aec-3390606bb3c4,keep,visually_valid,unknown,,,
annotation,ANN_EIRLPRJ_01334,95e0e8f2-6e2f-465d-9ed8-57825f9be349,keep,visually_valid,unknown,,,
annotation,ANN_EIRLPRJ_01334,96468fad-fe9b-4c0f-84bc-a17774b2ce36,keep,visually_valid,unknown,,,
annotation,ANN_EIRLPRJ_01334,9670b9f8-8330-4e15-875f-26291c50e6e6,keep,visually_valid,unknown,,,
annotation,ANN_EIRLPRJ_01334,967a5ca7-2a69-4bb5-823f-b66cd179f222,keep,visually_valid,unknown,,,
annotation,ANN_EIRLPRJ_01334,96d97b7a-8ca7-458f-88a0-b92131354cac,keep,visually_valid,unknown,,,
annotation,ANN_EIRLPRJ_01334,96dde1c4-d270-47db-953a-f839aaa83daa,keep,visually_valid,unknown,,,
annotation,ANN_EIRLPRJ_01334,9793be49-b1c1-4896-9b93-9bf42f6c55d8,keep,visually_valid,unknown,,,
annotation,ANN_EIRLPRJ_01334,97a4cf90-c87d-475f-b1f2-08f7a44d3d7f,keep,visually_valid,unknown,,,
annotation,ANN_EIRLPRJ_01334,97d47d7c-df09-48b5-9e2e-e5761a78fe3e,keep,visually_valid,unknown,,,
annotation,ANN_EIRLPRJ_01334,97e5b190-a141-4a37-866b-3d0792f3bff0,keep,visually_valid,unknown,,,
annotation,ANN_EIRLPRJ_01334,98279cd2-a9ac-4882-b688-03cd21363939,keep,visually_valid,unknown,,,
annotation,ANN_EIRLPRJ_01334,985c448a-ab4a-4bc2-8c9a-231717e59e0f,keep,visually_valid,unknown,,,
annotation,ANN_EIRLPRJ_01334,9951263a-640a-4ad3-96b4-9efef1641930,keep,visually_valid,unknown,,,
annotation,ANN_EIRLPRJ_01334,99dfd1a1-44dd-4b78-9355-d50f5c1ec024,keep,visually_valid,unknown,,,
annotation,ANN_EIRLPRJ_01334,9a0146ed-3557-4d89-99b8-b7b1ca1119d4,keep,visually_valid,unknown,,,
annotation,ANN_EIRLPRJ_01334,9a1c811a-0538-4841-ad45-ed719a1afc7e,keep,visually_valid,unknown,,,
annotation,ANN_EIRLPRJ_01334,9aa3f3a7-9fef-4ce3-8a8d-0f1bc3731c35,keep,visually_valid,unknown,,,
annotation,ANN_EIRLPRJ_01334,9ab885af-9283-4a1f-a58b-94f4116d269d,keep,visually_valid,unknown,,,
annotation,ANN_EIRLPRJ_01334,9aeaf95e-ecd2-4b97-b5e8-c28ccf2f7043,keep,visually_valid,unknown,,,
annotation,ANN_EIRLPRJ_01334,9b14fb05-a41a-47b8-ba50-96f11f227b7d,keep,visually_valid,unknown,,,
annotation,ANN_EIRLPRJ_01334,9b2d54a8-b0e5-456f-91f7-a3b470750ddf,keep,visually_valid,unknown,,,
annotation,ANN_EIRLPRJ_01334,9b357a65-8127-46cf-8113-c986a8e1f2aa,keep,visually_valid,unknown,,,
annotation,ANN_EIRLPRJ_01334,9b7d8f90-f4ad-4e90-920b-1d02070d2d14,keep,visually_valid,unknown,,,
annotation,ANN_EIRLPRJ_01334,9b7ed2b0-6f2f-4027-8f67-7f76bda933c3,keep,visually_valid,unknown,,,
annotation,ANN_EIRLPRJ_01334,9bd3db5f-2736-452c-bff3-ac2c638b2bc9,keep,visually_valid,unknown,,,
annotation,ANN_EIRLPRJ_01334,9bd48522-9d69-44a6-962f-f986d506c8f0,keep,visually_valid,unknown,,,
annotation,ANN_EIRLPRJ_01334,9ca07391-85d7-4bd6-9804-fa627fe06eaf,keep,visually_valid,unknown,,,
annotation,ANN_EIRLPRJ_01334,9d8283ee-3bec-4806-be14-250d3e08bc26,keep,visually_valid,unknown,,,
annotation,ANN_EIRLPRJ_01334,9d988acc-1b7d-463b-bbf6-81652313e090,keep,visually_valid,unknown,,,
annotation,ANN_EIRLPRJ_01334,9ee1ed14-2d26-444f-bdb6-0477d4eead36,keep,visually_valid,unknown,,,
annotation,ANN_EIRLPRJ_01334,9f88e8cb-435d-4328-8be8-2a368bf09527,keep,visually_valid,unknown,,,
annotation,ANN_EIRLPRJ_01334,9fc9d085-26c8-4737-82a9-c14015cdcb7f,keep,visually_valid,unknown,,,
annotation,ANN_EIRLPRJ_01334,a0231fa0-b092-4bb4-b131-3c216bd53fc2,keep,visually_valid,unknown,,,
annotation,ANN_EIRLPRJ_01334,a038e1a3-3160-41e0-af0c-19c3b0ae9075,keep,visually_valid,unknown,,,
annotation,ANN_EIRLPRJ_01334,a0cf2b2e-1659-434f-8265-6acfc7dc4075,keep,visually_valid,unknown,,,
annotation,ANN_EIRLPRJ_01334,a1006c2f-a69c-41ad-a875-403ebac6e009,keep,visually_valid,unknown,,,
annotation,ANN_EIRLPRJ_01334,a1476c61-b23f-4ef4-bc0b-667a81b93fdb,keep,visually_valid,unknown,,,
annotation,ANN_EIRLPRJ_01334,a303435e-8cda-4254-94a6-049d86edb530,keep,visually_valid,unknown,,,
annotation,ANN_EIRLPRJ_01334,a3580f62-de9f-4b70-8fda-acacbbf050e4,keep,visually_valid,unknown,,,
annotation,ANN_EIRLPRJ_01334,a42f8962-a587-4e1a-aa46-a1b4317e6d2f,keep,visually_valid,unknown,,,
annotation,ANN_EIRLPRJ_01334,a4522aeb-7a23-4c88-8470-0ff2a722a477,keep,visually_valid,unknown,,,
annotation,ANN_EIRLPRJ_01334,a474ff29-c20c-4448-85c7-038eb7b8bdcb,keep,visually_valid,unknown,,,
annotation,ANN_EIRLPRJ_01334,a4c1dfcb-ddd4-4ac8-b9d8-5bdcef4e06e8,keep,visually_valid,unknown,,,
annotation,ANN_EIRLPRJ_01334,a5871ad5-92da-4226-985e-b82701e449da,keep,visually_valid,unknown,,,
annotation,ANN_EIRLPRJ_01334,a5a5da64-d0b5-47b2-baac-5ab44d101cc2,keep,visually_valid,unknown,,,
annotation,ANN_EIRLPRJ_01334,a62b9212-a051-4bf5-9b24-43da9f2862c1,keep,visually_valid,unknown,,,
annotation,ANN_EIRLPRJ_01334,a65239a6-f745-4e1b-8fb7-821b6ce285eb,keep,visually_valid,unknown,,,
annotation,ANN_EIRLPRJ_01334,a691ccd2-4a90-4d0c-b15d-57c743b81951,keep,visually_valid,unknown,,,
annotation,ANN_EIRLPRJ_01334,a713a8c3-c520-4b58-8b2f-597f960575e9,keep,visually_valid,unknown,,,
annotation,ANN_EIRLPRJ_01334,a72bf1a8-fbba-4532-8da1-c8ebfa9c433c,keep,visually_valid,unknown,,,
annotation,ANN_EIRLPRJ_01334,a7e0ec30-8a0a-4275-87f4-734b6ccfdaab,keep,visually_valid,unknown,,,
annotation,ANN_EIRLPRJ_01334,a81a9c0c-50f0-4555-ba87-8a5040d7b373,keep,visually_valid,unknown,,,
annotation,ANN_EIRLPRJ_01334,a8bf0f65-54cb-4b65-b4e7-57d025a716ea,keep,visually_valid,unknown,,,
annotation,ANN_EIRLPRJ_01334,a90df76f-5cff-4187-b325-645cfb309a49,keep,visually_valid,unknown,,,
annotation,ANN_EIRLPRJ_01334,a9106b4c-d20c-4f5d-880d-21fc8351b62e,keep,visually_valid,unknown,,,
annotation,ANN_EIRLPRJ_01334,a94278c3-b2fd-44c9-976b-c49a99158a2e,keep,visually_valid,unknown,,,
annotation,ANN_EIRLPRJ_01334,aa18a7b2-891c-487b-9cf6-cd79cf824da5,keep,visually_valid,unknown,,,
annotation,ANN_EIRLPRJ_01334,aae90dcb-9c2a-42c1-9630-1ac70b500d20,keep,visually_valid,unknown,,,
annotation,ANN_EIRLPRJ_01334,aaf10e3c-19c2-4a3b-83b5-f45d0e717cd6,keep,visually_valid,unknown,,,
annotation,ANN_EIRLPRJ_01334,ab78f793-8397-4d15-acd9-e4a36a927712,keep,visually_valid,unknown,,,
annotation,ANN_EIRLPRJ_01334,ab9f6560-1b98-4391-9425-6587c0996771,keep,visually_valid,unknown,,,
annotation,ANN_EIRLPRJ_01334,abfbed13-4b40-460f-8096-3ab2021057a5,keep,visually_valid,unknown,,,
annotation,ANN_EIRLPRJ_01334,ac71bc0e-6321-4158-81fa-de409324fb36,keep,visually_valid,unknown,,,
annotation,ANN_EIRLPRJ_01334,acafb35a-5ee8-43fd-b853-c3412d1c42a6,keep,visually_valid,unknown,,,
annotation,ANN_EIRLPRJ_01334,acbc19f5-33fa-4e02-9545-70024e327ebe,keep,visually_valid,unknown,,,
annotation,ANN_EIRLPRJ_01334,acf23b39-4599-436b-997a-4ebfc1b32baf,keep,visually_valid,unknown,,,
annotation,ANN_EIRLPRJ_01334,ad1021fa-2a6f-4972-aef1-e2888065d0a7,keep,visually_valid,unknown,,,
annotation,ANN_EIRLPRJ_01334,ad98dc6f-6800-48f9-8292-d6f9614ab432,keep,visually_valid,unknown,,,
annotation,ANN_EIRLPRJ_01334,ae04f113-a896-4f1c-9535-82eeb0c4d7c7,keep,visually_valid,unknown,,,
annotation,ANN_EIRLPRJ_01334,ae1d7335-da2f-4036-abeb-7f1f9ab8d2e5,keep,visually_valid,unknown,,,
annotation,ANN_EIRLPRJ_01334,ae7aba21-925d-4347-a83b-32438663a106,keep,visually_valid,unknown,,,
annotation,ANN_EIRLPRJ_01334,af218490-deaf-45d5-b88a-bb5d36da2665,keep,visually_valid,unknown,,,
annotation,ANN_EIRLPRJ_01334,af544d71-a116-47f2-8e25-15f6c25feb0b,keep,visually_valid,unknown,,,
annotation,ANN_EIRLPRJ_01334,afb102c0-2f46-43bf-bc1b-2ff8097501ea,keep,visually_valid,unknown,,,
annotation,ANN_EIRLPRJ_01334,afe29f45-06f4-4d26-9c98-014906b386df,keep,visually_valid,unknown,,,
annotation,ANN_EIRLPRJ_01334,b01c5807-7b0b-4ad1-98bc-3c73a6a4331a,keep,visually_valid,unknown,,,
annotation,ANN_EIRLPRJ_01334,b03b8e5b-4dd9-4044-8890-4fa0f5b4a982,keep,visually_valid,unknown,,,
annotation,ANN_EIRLPRJ_01334,b0cfd02a-8b37-410c-b155-d91bd198c83c,keep,visually_valid,unknown,,,
annotation,ANN_EIRLPRJ_01334,b11555bb-6405-4245-a8f0-e8a3213174d7,keep,visually_valid,unknown,,,
annotation,ANN_EIRLPRJ_01334,b18739c5-c003-4332-b9dc-6f7f82aa083a,keep,visually_valid,unknown,,,
annotation,ANN_EIRLPRJ_01334,b291c9c0-95dc-4a74-b753-e879d46d971f,keep,visually_valid,unknown,,,
annotation,ANN_EIRLPRJ_01334,b3414885-18dd-4faf-b35c-9c13db09b800,keep,visually_valid,unknown,,,
annotation,ANN_EIRLPRJ_01334,b4822a63-6504-4642-9dfc-8ac51f07b6b0,keep,visually_valid,unknown,,,
annotation,ANN_EIRLPRJ_01334,b4f8de56-f559-4a58-8da6-e05cd27444de,keep,visually_valid,unknown,,,
annotation,ANN_EIRLPRJ_01334,b54ceda1-eb58-4154-a653-ba34f5447b3a,keep,visually_valid,unknown,,,
annotation,ANN_EIRLPRJ_01334,b64b60bb-e20b-4fff-87ca-fc3f08c8b179,keep,visually_valid,unknown,,,
annotation,ANN_EIRLPRJ_01334,b6a7cf61-0936-4460-9454-442b587a1a2f,keep,visually_valid,unknown,,,
annotation,ANN_EIRLPRJ_01334,b6e6335c-6353-4ade-aaf7-cc0ea21e0d71,keep,visually_valid,unknown,,,
annotation,ANN_EIRLPRJ_01334,b718515a-b5d4-4e5d-8d41-6437f2b5a519,keep,visually_valid,unknown,,,
annotation,ANN_EIRLPRJ_01334,b734c16e-07e2-4c69-9021-e8b728fa078c,keep,visually_valid,unknown,,,
annotation,ANN_EIRLPRJ_01334,b778fadc-8151-4b03-9acf-4a2396298454,keep,visually_valid,unknown,,,
annotation,ANN_EIRLPRJ_01334,b7d5a557-abc4-4bec-8cdf-c4697fbb0bda,keep,visually_valid,unknown,,,
annotation,ANN_EIRLPRJ_01334,b90e131f-558d-47f3-a937-df6326f6bd45,keep,visually_valid,unknown,,,
annotation,ANN_EIRLPRJ_01334,b9569fa4-aa8d-4a26-9c4e-42310d0a5af2,keep,visually_valid,unknown,,,
annotation,ANN_EIRLPRJ_01334,ba3f70bb-d3b2-4ba7-8c66-9b73aa04de3f,keep,visually_valid,unknown,,,
annotation,ANN_EIRLPRJ_01334,ba8663ad-7fbc-43d6-8e4a-9c8aad593ac5,keep,visually_valid,unknown,,,
annotation,ANN_EIRLPRJ_01334,bb07e466-34a0-4c6a-8b4a-f3ef63d8c02c,keep,visually_valid,unknown,,,
annotation,ANN_EIRLPRJ_01334,bb0f01e9-d3ea-44b3-9ba9-86580a1eae90,keep,visually_valid,unknown,,,
annotation,ANN_EIRLPRJ_01334,bb764f6c-e808-4f67-a167-146befeb000a,keep,visually_valid,unknown,,,
annotation,ANN_EIRLPRJ_01334,bc21576e-b1f0-4076-9e3c-72f65597defb,keep,visually_valid,unknown,,,
annotation,ANN_EIRLPRJ_01334,bcfae505-d74f-4cd9-a409-25cadea82694,keep,visually_valid,unknown,,,
annotation,ANN_EIRLPRJ_01334,bd636c31-095d-454c-829a-2f743a23e874,keep,visually_valid,unknown,,,
annotation,ANN_EIRLPRJ_01334,bdb86e29-b4f6-4707-bfe2-17d0efb4d37c,keep,visually_valid,unknown,,,
annotation,ANN_EIRLPRJ_01334,bdd7234d-b641-4dd3-91be-089ba79e97ce,keep,visually_valid,unknown,,,
annotation,ANN_EIRLPRJ_01334,bdf7ac36-8cc3-4d47-8645-307ad92771d3,keep,visually_valid,unknown,,,
annotation,ANN_EIRLPRJ_01334,be8358e4-6e48-4444-a914-20e3d7f094ed,keep,visually_valid,unknown,,,
annotation,ANN_EIRLPRJ_01334,bede28b3-1eb4-442a-b20f-63e935f67ef1,keep,visually_valid,unknown,,,
annotation,ANN_EIRLPRJ_01334,bee0df0a-aec3-45ef-a8b2-9ecfb3b981a7,keep,visually_valid,unknown,,,
annotation,ANN_EIRLPRJ_01334,bf817ddd-b320-47b3-a4ea-d762fb3c41d9,keep,visually_valid,unknown,,,
annotation,ANN_EIRLPRJ_01334,bfa3a9f5-95f9-404a-aeb0-97789d7f3d98,keep,visually_valid,unknown,,,
annotation,ANN_EIRLPRJ_01334,c090d254-255a-46b6-b197-2e79dca4023f,keep,visually_valid,unknown,,,
annotation,ANN_EIRLPRJ_01334,c0a9b1de-c0cf-4ba3-8ff2-9b195d40c419,keep,visually_valid,unknown,,,
annotation,ANN_EIRLPRJ_01334,c13d6411-ced2-4d95-b4c1-2edcc96ff6ef,keep,visually_valid,unknown,,,
annotation,ANN_EIRLPRJ_01334,c15c82b8-6c90-4895-abc8-fe6cca7b5df0,keep,visually_valid,unknown,,,
annotation,ANN_EIRLPRJ_01334,c1b38342-20ee-434c-8a87-8624f88b6233,keep,visually_valid,unknown,,,
annotation,ANN_EIRLPRJ_01334,c20f6f74-b860-41f1-8aaa-baaaecdd4183,keep,visually_valid,unknown,,,
annotation,ANN_EIRLPRJ_01334,c2d5e109-a9bc-45dd-b1f4-30344197ba17,keep,visually_valid,unknown,,,
annotation,ANN_EIRLPRJ_01334,c35df88b-442d-4e08-8070-3199c69510ea,keep,visually_valid,unknown,,,
annotation,ANN_EIRLPRJ_01334,c37b15a5-fb74-44ae-8a38-077dfa55f439,keep,visually_valid,unknown,,,
annotation,ANN_EIRLPRJ_01334,c3bc8773-0f2a-4a2e-8564-24ff1abec44b,keep,visually_valid,unknown,,,
annotation,ANN_EIRLPRJ_01334,c4c60107-1940-4dec-92df-9c36d7044ed6,keep,visually_valid,unknown,,,
annotation,ANN_EIRLPRJ_01334,c52ad69b-1c0b-4be9-9198-b7ac2ca7e7c3,keep,visually_valid,unknown,,,
annotation,ANN_EIRLPRJ_01334,c5a4e58c-26d3-456e-85c2-b6ea7d4c2615,keep,visually_valid,unknown,,,
annotation,ANN_EIRLPRJ_01334,c6251da5-900d-40f7-8eec-16e007b58eb6,keep,visually_valid,unknown,,,
annotation,ANN_EIRLPRJ_01334,c6317c56-8546-4417-94f3-baef10e0960f,keep,visually_valid,unknown,,,
annotation,ANN_EIRLPRJ_01334,c66c782c-80fc-4ce2-ac94-d2012396d200,keep,visually_valid,unknown,,,
annotation,ANN_EIRLPRJ_01334,c6b9378d-9b76-4499-bb72-080fe159c417,keep,visually_valid,unknown,,,
annotation,ANN_EIRLPRJ_01334,c6c9e585-5d5e-4aca-b414-9880dd8590b8,keep,visually_valid,unknown,,,
annotation,ANN_EIRLPRJ_01334,c73e4df7-526b-4f11-82e5-07b9faf0503d,keep,visually_valid,unknown,,,
annotation,ANN_EIRLPRJ_01334,c750a9ff-7cf9-4d7f-a670-9d24dd24b65c,keep,visually_valid,unknown,,,
annotation,ANN_EIRLPRJ_01334,c7937466-dfc6-4e99-b752-398ba5882781,keep,visually_valid,unknown,,,
annotation,ANN_EIRLPRJ_01334,c85b4b97-9894-47f2-8649-d0a6ce34b575,keep,visually_valid,unknown,,,
annotation,ANN_EIRLPRJ_01334,c8e5432d-9d28-4e66-a3c8-a844d63076b7,keep,visually_valid,unknown,,,
annotation,ANN_EIRLPRJ_01334,c8ebcebe-c794-4710-a79c-b74e7d2addf9,keep,visually_valid,unknown,,,
annotation,ANN_EIRLPRJ_01334,c935cf01-b215-4fa7-97b4-f6dd1c5ea537,keep,visually_valid,unknown,,,
annotation,ANN_EIRLPRJ_01334,c95d3361-1e33-4c51-bf4f-8103c0933bd3,keep,visually_valid,unknown,,,
annotation,ANN_EIRLPRJ_01334,cb529734-3617-4b59-b9a6-482489796229,keep,visually_valid,unknown,,,
annotation,ANN_EIRLPRJ_01334,cb726545-7852-4da2-9988-3e70e4656dba,keep,visually_valid,unknown,,,
annotation,ANN_EIRLPRJ_01334,cb7ca0cb-7968-4e71-8938-24aac2c4b674,keep,visually_valid,unknown,,,
annotation,ANN_EIRLPRJ_01334,cb93e999-8547-4a41-94f1-f1bf99dc1ad1,keep,visually_valid,unknown,,,
annotation,ANN_EIRLPRJ_01334,cb9f8bca-2217-4c62-bed5-41ee9bd54822,keep,visually_valid,unknown,,,
annotation,ANN_EIRLPRJ_01334,cba66193-b972-4c36-a791-b1e8f9f5f597,keep,visually_valid,unknown,,,
annotation,ANN_EIRLPRJ_01334,cbaa5778-5386-4df7-9046-862f2b794f02,keep,visually_valid,unknown,,,
annotation,ANN_EIRLPRJ_01334,cc68d3a9-2f54-46dd-a50f-4cda0327b786,keep,visually_valid,unknown,,,
annotation,ANN_EIRLPRJ_01334,cce59021-877c-4e9e-a667-b2c6be1bea33,keep,visually_valid,unknown,,,
annotation,ANN_EIRLPRJ_01334,ce33cd5c-278b-4772-8104-fc00dfa73d6d,keep,visually_valid,unknown,,,
annotation,ANN_EIRLPRJ_01334,cf17cc74-670f-4ed3-87ce-ae89948dc4c1,keep,visually_valid,unknown,,,
annotation,ANN_EIRLPRJ_01334,cf43d47a-25bc-48d7-8835-2c8a448e7da0,keep,visually_valid,unknown,,,
annotation,ANN_EIRLPRJ_01334,cf7c44cb-2b8c-41af-93f8-64d84fff0105,keep,visually_valid,unknown,,,
annotation,ANN_EIRLPRJ_01334,d1ab9b86-d14f-41f4-b319-840d0970bf74,keep,visually_valid,unknown,,,
annotation,ANN_EIRLPRJ_01334,d201cc68-fb20-422f-9c9d-cbbf28c89f75,keep,visually_valid,unknown,,,
annotation,ANN_EIRLPRJ_01334,d22210c5-1bc8-4600-a092-ebcd6e000992,keep,visually_valid,unknown,,,
annotation,ANN_EIRLPRJ_01334,d24fd125-3bcf-4451-a7b3-f3559673050d,keep,visually_valid,unknown,,,
annotation,ANN_EIRLPRJ_01334,d255d8ca-4193-4285-bf1b-0f80a14a9cf4,keep,visually_valid,unknown,,,
annotation,ANN_EIRLPRJ_01334,d3026241-c43f-439b-b95d-218cd0079181,keep,visually_valid,unknown,,,
annotation,ANN_EIRLPRJ_01334,d362a99a-e317-49a2-a770-376b4b02c4b6,keep,visually_valid,unknown,,,
annotation,ANN_EIRLPRJ_01334,d4e73cd0-07f5-477a-b7a5-19b1e3fc8df4,keep,visually_valid,unknown,,,
annotation,ANN_EIRLPRJ_01334,d5084524-9c7a-47e1-9868-a65f6fa451ba,keep,visually_valid,unknown,,,
annotation,ANN_EIRLPRJ_01334,d53aec48-343c-4289-9a92-6fade0df669c,keep,visually_valid,unknown,,,
annotation,ANN_EIRLPRJ_01334,d556b8a9-186a-42a4-9311-78edbdccf0f6,keep,visually_valid,unknown,,,
annotation,ANN_EIRLPRJ_01334,d5575543-b18a-4674-ae01-da6615c789e0,keep,visually_valid,unknown,,,
annotation,ANN_EIRLPRJ_01334,d5c94643-fdf3-4219-8921-b160ef0c79ca,keep,visually_valid,unknown,,,
annotation,ANN_EIRLPRJ_01334,d5f02d83-64dd-46cd-a489-6cbef19f9c06,keep,visually_valid,unknown,,,
annotation,ANN_EIRLPRJ_01334,d656ddc5-ffc6-47c0-8269-79fd1cdd9d17,keep,visually_valid,unknown,,,
annotation,ANN_EIRLPRJ_01334,d6be2cfa-f20e-4dc9-b899-3e1b5795590c,keep,visually_valid,unknown,,,
annotation,ANN_EIRLPRJ_01334,d6c94fe2-8bc8-416b-bd40-ed16968634f5,keep,visually_valid,unknown,,,
annotation,ANN_EIRLPRJ_01334,d6fcf378-f438-41f5-a69f-847d9d56bef1,keep,visually_valid,unknown,,,
annotation,ANN_EIRLPRJ_01334,d702eda7-14be-44b6-99fa-f6a773d62235,keep,visually_valid,unknown,,,
annotation,ANN_EIRLPRJ_01334,d7735ecf-038b-4463-8245-94989d1dce9f,keep,visually_valid,unknown,,,
annotation,ANN_EIRLPRJ_01334,d7e0362d-0653-45cd-bcd4-1f13216f3e5c,keep,visually_valid,unknown,,,
annotation,ANN_EIRLPRJ_01334,d81d48b6-208d-433c-80d7-248a8414e65d,keep,visually_valid,unknown,,,
annotation,ANN_EIRLPRJ_01334,d85a0353-c0b6-49ad-9467-8afac0cba537,keep,visually_valid,unknown,,,
annotation,ANN_EIRLPRJ_01334,d92d5671-b415-441e-be70-6ed80a95105c,keep,visually_valid,unknown,,,
annotation,ANN_EIRLPRJ_01334,d93641a6-7c55-4012-9ea9-a1a39f5c3a63,keep,visually_valid,unknown,,,
annotation,ANN_EIRLPRJ_01334,d965e41c-db27-4d2d-bb0d-c014f13d87cc,keep,visually_valid,unknown,,,
annotation,ANN_EIRLPRJ_01334,d968e811-5368-4cf1-93b2-a58e09a327ff,keep,visually_valid,unknown,,,
annotation,ANN_EIRLPRJ_01334,d9a072cc-24a3-4a64-be9a-4dfeff276d4b,keep,visually_valid,unknown,,,
annotation,ANN_EIRLPRJ_01334,da2fe7a7-83f3-4fae-b8c1-09147b3cfc73,keep,visually_valid,unknown,,,
annotation,ANN_EIRLPRJ_01334,da42edfa-5b7c-4bdc-a655-217dd83692fa,keep,visually_valid,unknown,,,
annotation,ANN_EIRLPRJ_01334,dc4c661f-b188-4766-94d4-a33de5e6b8e4,keep,visually_valid,unknown,,,
annotation,ANN_EIRLPRJ_01334,dcdf1ae7-a68f-490c-8a48-106d09fe284f,keep,visually_valid,unknown,,,
annotation,ANN_EIRLPRJ_01334,dd0d903b-9bd1-439a-8ae9-ddf76e13fb44,keep,visually_valid,unknown,,,
annotation,ANN_EIRLPRJ_01334,ddd109ec-f3fa-44f9-b0bb-e495342bc521,keep,visually_valid,unknown,,,
annotation,ANN_EIRLPRJ_01334,de2871b7-0c7f-481a-8a31-c6b04b2d17e5,keep,visually_valid,unknown,,,
annotation,ANN_EIRLPRJ_01334,de5867a8-fa18-4d3e-9be7-ad6d8e373ee1,keep,,unknown,,,
annotation,ANN_EIRLPRJ_01334,de6cfac7-3af8-4499-bbd8-768804a6523c,keep,visually_valid,unknown,,,
annotation,ANN_EIRLPRJ_01334,deb73ee5-b1b2-4ba2-8b1c-b6a7c61784ac,keep,visually_valid,unknown,,,
annotation,ANN_EIRLPRJ_01334,df1fe345-2f3b-4172-88cd-5db10c46a7ec,keep,true_small_lesion,unknown,,,
annotation,ANN_EIRLPRJ_01334,df2104b9-a13d-433d-8060-4804db3d0f43,keep,visually_valid,unknown,,,
annotation,ANN_EIRLPRJ_01334,e010408f-439c-42d2-be45-de2ad9f65240,keep,visually_valid,unknown,,,
annotation,ANN_EIRLPRJ_01334,e034a9e3-ca55-43aa-88b9-035b599a773f,keep,visually_valid,unknown,,,
annotation,ANN_EIRLPRJ_01334,e03ee75c-b777-4996-85c4-663cd2f87eed,keep,visually_valid,unknown,,,
annotation,ANN_EIRLPRJ_01334,e075b032-cd1f-496d-ad3a-a24874215300,keep,visually_valid,unknown,,,
annotation,ANN_EIRLPRJ_01334,e0cfd847-38e2-4002-83cf-c3883df59c84,keep,visually_valid,unknown,,,
annotation,ANN_EIRLPRJ_01334,e0d45344-810d-46cf-801a-3f280da8e656,keep,visually_valid,unknown,,,
annotation,ANN_EIRLPRJ_01334,e0e018e3-f2db-4268-9ece-f60498c0dca4,keep,visually_valid,unknown,,,
annotation,ANN_EIRLPRJ_01334,e12ee245-9367-45bd-a09c-cff3c1573fa9,keep,visually_valid,unknown,,,
annotation,ANN_EIRLPRJ_01334,e17aad56-1b7c-4019-93ef-9eb160dcd1e3,keep,visually_valid,unknown,,,
annotation,ANN_EIRLPRJ_01334,e265984b-ea7e-4900-82bd-8d56dfb8610e,keep,visually_valid,unknown,,,
annotation,ANN_EIRLPRJ_01334,e2995e55-c868-495f-868b-ce14d8d7314d,keep,visually_valid,unknown,,,
annotation,ANN_EIRLPRJ_01334,e31de3e6-2164-4c1a-88a9-ce49fd7673e3,keep,visually_valid,unknown,,,
annotation,ANN_EIRLPRJ_01334,e35dc3d3-13c2-4b82-adfc-a241f4bb74fa,keep,visually_valid,unknown,,,
annotation,ANN_EIRLPRJ_01334,e360308d-6f7e-4e86-9885-54a867caf770,keep,visually_valid,unknown,,,
annotation,ANN_EIRLPRJ_01334,e4294d79-a63e-433f-83cd-415ba983aa24,keep,visually_valid,unknown,,,
annotation,ANN_EIRLPRJ_01334,e4a91abe-d41e-4c47-9340-a24bfb2ca1d1,keep,visually_valid,unknown,,,
annotation,ANN_EIRLPRJ_01334,e537802e-347e-41f1-85eb-92a46c498b3b,keep,visually_valid,unknown,,,
annotation,ANN_EIRLPRJ_01334,e5479fc4-35fe-41f4-a60e-ade198387b99,keep,visually_valid,unknown,,,
annotation,ANN_EIRLPRJ_01334,e5832cec-972a-4cb5-ac8e-966c5a080888,keep,visually_valid,unknown,,,
annotation,ANN_EIRLPRJ_01334,e5851492-58d8-4f03-a7f3-d2426ac66a1f,keep,visually_valid,unknown,,,
annotation,ANN_EIRLPRJ_01334,e58ee610-d38c-4466-8757-7ca471baf8f6,keep,visually_valid,unknown,,,
annotation,ANN_EIRLPRJ_01334,e5f1d508-baf0-484e-baa3-431770383c6a,keep,visually_valid,unknown,,,
annotation,ANN_EIRLPRJ_01334,e63f26d5-636c-42b5-a4b7-7f9a09f98f50,keep,visually_valid,unknown,,,
annotation,ANN_EIRLPRJ_01334,e6917622-9e7c-4a87-9d59-08b596c24603,keep,visually_valid,unknown,,,
annotation,ANN_EIRLPRJ_01334,e718612d-70d8-4917-93fa-d7a0c26807d2,keep,visually_valid,unknown,,,
annotation,ANN_EIRLPRJ_01334,e73bdd60-7849-4a16-97b2-7262d682e351,keep,visually_valid,unknown,,,
annotation,ANN_EIRLPRJ_01334,e7a4f669-ce9d-4e03-a5d9-53d64d41023d,keep,visually_valid,unknown,,,
annotation,ANN_EIRLPRJ_01334,e7ca6d80-e6bc-4882-8f65-7de114bd904b,keep,visually_valid,unknown,,,
annotation,ANN_EIRLPRJ_01334,e7d5f8d4-8781-4ceb-b8cd-c66a4057e164,keep,visually_valid,unknown,,,
annotation,ANN_EIRLPRJ_01334,e83a7893-de1c-43c1-817a-b22d2bd1379a,keep,visually_valid,unknown,,,
annotation,ANN_EIRLPRJ_01334,e8811d8a-f679-4210-bd33-cb2367da16c4,keep,visually_valid,unknown,,,
annotation,ANN_EIRLPRJ_01334,e88b0339-5a46-4511-aaef-af2897a6ea8d,keep,visually_valid,unknown,,,
annotation,ANN_EIRLPRJ_01334,e8a85e81-c7ec-4dfb-8694-9dfee9c4328b,keep,visually_valid,unknown,,,
annotation,ANN_EIRLPRJ_01334,e8c55627-24cc-4fb8-8fb8-41b6917f88b9,keep,visually_valid,unknown,,,
annotation,ANN_EIRLPRJ_01334,e8d666e6-7007-4686-af94-3210e4d6e4f3,keep,visually_valid,unknown,,,
annotation,ANN_EIRLPRJ_01334,e8e2c14c-635c-4830-b7c4-4a36e248c07f,keep,visually_valid,unknown,,,
annotation,ANN_EIRLPRJ_01334,e9385d51-5b4e-4fd0-b09d-9f48441b32d5,keep,visually_valid,unknown,,,
annotation,ANN_EIRLPRJ_01334,ea600434-bb9a-4521-a177-84538632269d,keep,visually_valid,unknown,,,
annotation,ANN_EIRLPRJ_01334,ea8e8c76-467a-4084-ae1d-7ce0231c85cf,keep,visually_valid,unknown,,,
annotation,ANN_EIRLPRJ_01334,eb342b3c-ad49-49b0-a7a7-a57d2df704bf,keep,visually_valid,unknown,,,
annotation,ANN_EIRLPRJ_01334,eb8e0b96-942c-481c-8fdc-c415b00ff095,keep,visually_valid,unknown,,,
annotation,ANN_EIRLPRJ_01334,ebdd85a7-2f1f-46a2-8bc0-b6e9d8b37b75,keep,visually_valid,unknown,,,
annotation,ANN_EIRLPRJ_01334,ec9bd078-5859-417d-a277-925099e60ed3,keep,visually_valid,unknown,,,
annotation,ANN_EIRLPRJ_01334,ed8cc33f-e4a8-475f-b76f-bf6d38a5dafe,keep,visually_valid,unknown,,,
annotation,ANN_EIRLPRJ_01334,edaf3151-d4ab-4455-83a3-86099344db76,keep,visually_valid,unknown,,,
annotation,ANN_EIRLPRJ_01334,edcf6421-f838-491c-98ee-87d6d142a434,keep,visually_valid,unknown,,,
annotation,ANN_EIRLPRJ_01334,eeb734b3-6a55-463a-b756-20ae5edb0134,keep,visually_valid,unknown,,,
annotation,ANN_EIRLPRJ_01334,eef080e4-9038-4d64-b42d-af2846fc8a2e,keep,visually_valid,unknown,,,
annotation,ANN_EIRLPRJ_01334,ef3f1c7a-96b6-4f99-b33c-624706943b14,keep,visually_valid,unknown,,,
annotation,ANN_EIRLPRJ_01334,f07ff142-453d-4577-82e0-4691f53b3ff3,keep,visually_valid,unknown,,,
annotation,ANN_EIRLPRJ_01334,f1387660-8a52-4cbc-a4fb-9f0e3719b992,keep,visually_valid,unknown,,,
annotation,ANN_EIRLPRJ_01334,f16b214c-eda1-4a91-9cef-b30284bdb139,keep,visually_valid,unknown,,,
annotation,ANN_EIRLPRJ_01334,f1abf924-b2ab-457c-adc4-29ffec78d66b,keep,visually_valid,unknown,,,
annotation,ANN_EIRLPRJ_01334,f2af1910-0714-41ec-9a57-532c1aaae64b,keep,visually_valid,unknown,,,
annotation,ANN_EIRLPRJ_01334,f3080969-1080-4196-94c9-dc0e936f544c,keep,visually_valid,unknown,,,
annotation,ANN_EIRLPRJ_01334,f34ff35e-ffca-4550-95ca-d3f4ca6a65b0,keep,visually_valid,unknown,,,
annotation,ANN_EIRLPRJ_01334,f35961bd-efe8-431f-9903-1c96871292fc,keep,visually_valid,unknown,,,
annotation,ANN_EIRLPRJ_01334,f498fbf6-2877-4bec-805b-ac62b723bc9e,keep,visually_valid,unknown,,,
annotation,ANN_EIRLPRJ_01334,f499baa7-ac3d-4829-91bc-c7c2aa9d4e2b,keep,visually_valid,unknown,,,
annotation,ANN_EIRLPRJ_01334,f52d4164-3e63-4b46-beb2-ce8f0436955c,keep,visually_valid,unknown,,,
annotation,ANN_EIRLPRJ_01334,f53fc56e-4986-4fb7-880d-38a4f233978e,keep,visually_valid,unknown,,,
annotation,ANN_EIRLPRJ_01334,f5c308e7-fa2d-4835-8831-b476fa2b579f,keep,visually_valid,unknown,,,
annotation,ANN_EIRLPRJ_01334,f6874035-7dd0-420c-8e35-6694cd8900c0,keep,visually_valid,unknown,,,
annotation,ANN_EIRLPRJ_01334,f6b03669-9ff7-4bf1-b4b3-c55281987e1d,keep,visually_valid,unknown,,,
annotation,ANN_EIRLPRJ_01334,f6d0f5ce-a138-4ae7-826d-074be0a231da,keep,visually_valid,unknown,,,
annotation,ANN_EIRLPRJ_01334,f70afc6b-0c47-4177-a138-6529297a5067,keep,visually_valid,unknown,,,
annotation,ANN_EIRLPRJ_01334,f77d2a88-9a2b-49d8-a8e8-9b0e406cfa63,keep,visually_valid,unknown,,,
annotation,ANN_EIRLPRJ_01334,f84d1a18-35db-49b9-a0a7-0b568c2905e2,keep,visually_valid,unknown,,,
annotation,ANN_EIRLPRJ_01334,f99f59f0-21ab-4dd5-9aef-6bb0fce94516,keep,visually_valid,unknown,,,
annotation,ANN_EIRLPRJ_01334,f9ae4960-305a-4556-9070-3888d3aa6f2b,keep,visually_valid,unknown,,,
annotation,ANN_EIRLPRJ_01334,f9b8ef72-3c00-4d2a-8834-a0de376ac185,keep,visually_valid,unknown,,,
annotation,ANN_EIRLPRJ_01334,f9e81719-2782-40d8-be6b-bbf18bcbaaeb,keep,visually_valid,unknown,,,
annotation,ANN_EIRLPRJ_01334,fa07f626-5c3d-4fe8-bb46-84390c9cfd79,keep,visually_valid,unknown,,,
annotation,ANN_EIRLPRJ_01334,fa720e3d-2d1c-436d-92d1-e6f1b3cb4c1f,keep,visually_valid,unknown,,,
annotation,ANN_EIRLPRJ_01334,fb0273a6-e51c-4cce-be41-0b8f9863e206,keep,visually_valid,unknown,,,
annotation,ANN_EIRLPRJ_01334,fb0e36d3-59f9-4144-b3e1-9fc36d3650f8,keep,visually_valid,unknown,,,
annotation,ANN_EIRLPRJ_01334,fb268270-252c-4324-907a-c895cae6dca1,keep,visually_valid,unknown,,,
annotation,ANN_EIRLPRJ_01334,fb413c77-6682-43d3-a117-36b3eb642c2e,keep,visually_valid,unknown,,,
annotation,ANN_EIRLPRJ_01334,fd1e252d-32e0-4154-aa85-8d75349fa294,keep,visually_valid,unknown,,,
annotation,ANN_EIRLPRJ_01334,fdfb418b-b640-4c8a-860d-f1307e7276f2,keep,visually_valid,unknown,,,
annotation,ANN_EIRLPRJ_01334,fe0d53de-47d7-4d2c-a093-f636fc300588,keep,visually_valid,unknown,,,
annotation,ANN_EIRLPRJ_01334,fe27301f-abde-4b63-afdd-d0144dff72aa,keep,visually_valid,unknown,,,
annotation,ANN_EIRLPRJ_01334,fe8dee74-52d1-4e68-b3f0-506dbdd89c5e,keep,visually_valid,unknown,,,
annotation,ANN_EIRLPRJ_01334,fea6b3ec-e13f-41e9-9969-addbc1b88615,keep,visually_valid,unknown,,,
annotation,ANN_EIRLPRJ_01334,fea8419f-21f3-4884-b971-643ae974be13,keep,visually_valid,unknown,,,
annotation,ANN_EIRLPRJ_01334,fefb41e8-f8a3-4f28-b52a-6bd10864f141,keep,visually_valid,unknown,,,
annotation,ANN_EIRLPRJ_01336,004034c8-f206-42c9-b3fb-14c0f5a7bf6a,keep,visually_valid,unknown,,,
annotation,ANN_EIRLPRJ_01336,0096764d-9e19-4acf-b843-203ed7b3e18f,keep,visually_valid,unknown,,,
annotation,ANN_EIRLPRJ_01336,0194924b-6a51-444f-81a6-e3c2dac6235b,keep,visually_valid,unknown,,,
annotation,ANN_EIRLPRJ_01336,052f0c17-9e52-4dfe-824a-4bf00cc3603e,keep,visually_valid,unknown,,,
annotation,ANN_EIRLPRJ_01336,06e4b861-7399-4fcd-bec2-a4d9f36e9fe8,keep,visually_valid,unknown,,,
annotation,ANN_EIRLPRJ_01336,07202f9a-20f4-45a9-8890-81dc9c7fb872,keep,visually_valid,unknown,,,
annotation,ANN_EIRLPRJ_01336,078c7bb9-86b5-4381-bf5d-26b7d80bf8fa,keep,visually_valid,unknown,,,
annotation,ANN_EIRLPRJ_01336,08211001-5fc3-4a3f-8ee3-53205eec967e,keep,visually_valid,unknown,,,
annotation,ANN_EIRLPRJ_01336,08b55912-474f-4b4e-aca7-df7f8de08198,keep,visually_valid,unknown,,,
annotation,ANN_EIRLPRJ_01336,0a777ef9-5c38-41cb-a5e1-239b9dbbc862,keep,visually_valid,unknown,,,
annotation,ANN_EIRLPRJ_01336,0aec9293-31ed-4d57-adc0-949d868a6ba7,keep,visually_valid,unknown,,,
annotation,ANN_EIRLPRJ_01336,0b20b301-9ced-4caa-ba9a-c343dadc0db0,keep,visually_valid,unknown,,,
annotation,ANN_EIRLPRJ_01336,0bdb11a2-9fc6-4bc9-82b7-cf3ab28448a2,keep,visually_valid,unknown,,,
annotation,ANN_EIRLPRJ_01336,0cd39541-d0dc-4c08-9d2b-b555f1e39b9c,keep,visually_valid,unknown,,,
annotation,ANN_EIRLPRJ_01336,0d46da9f-67af-451d-bc4d-0166089f2268,keep,visually_valid,unknown,,,
annotation,ANN_EIRLPRJ_01336,0fe45c0e-c53a-4a57-b384-1dc59593bf9d,keep,visually_valid,unknown,,,
annotation,ANN_EIRLPRJ_01336,103d32ce-5330-4918-86c3-06f89361dca8,keep,visually_valid,unknown,,,
annotation,ANN_EIRLPRJ_01336,10b427c3-4fe1-4bb3-a42b-9119321e3309,keep,visually_valid,unknown,,,
annotation,ANN_EIRLPRJ_01336,11bc89e2-bdf2-4cad-af52-884d4d75e583,keep,visually_valid,unknown,,,
annotation,ANN_EIRLPRJ_01336,12bc6868-e079-449d-a0ad-f5b80ccf6640,keep,visually_valid,unknown,,,
annotation,ANN_EIRLPRJ_01336,1329d8c2-6aff-42fc-80ea-8519be525575,keep,visually_valid,unknown,,,
annotation,ANN_EIRLPRJ_01336,136ff2db-b873-437a-ae5c-ad436c637f42,keep,visually_valid,unknown,,,
annotation,ANN_EIRLPRJ_01336,150d3bdc-27f7-465a-acc9-ca606af8fe54,keep,visually_valid,unknown,,,
annotation,ANN_EIRLPRJ_01336,15f35191-89e5-4804-a276-595a7e6676e1,keep,visually_valid,unknown,,,
annotation,ANN_EIRLPRJ_01336,16eb1814-6267-4449-8e83-28f78b20138f,keep,visually_valid,unknown,,,
annotation,ANN_EIRLPRJ_01336,17877faf-539e-41d7-b11d-1971e6faa9fd,keep,visually_valid,unknown,,,
annotation,ANN_EIRLPRJ_01336,19aaf5fc-1dab-436b-bbfe-7e0f1fef23b6,keep,visually_valid,unknown,,,
annotation,ANN_EIRLPRJ_01336,1aaedb81-3f14-4446-a926-3c311ed76a34,keep,visually_valid,unknown,,,
annotation,ANN_EIRLPRJ_01336,1b919d92-8d10-4171-a3a1-a791b631d79b,keep,visually_valid,unknown,,,
annotation,ANN_EIRLPRJ_01336,1fe1dfbf-2ce2-407a-affb-e8ba043a1637,keep,visually_valid,unknown,,,
annotation,ANN_EIRLPRJ_01336,2242679a-b06c-472e-85c2-cf613be55374,keep,visually_valid,unknown,,,
annotation,ANN_EIRLPRJ_01336,22559427-0b9f-4d8e-9800-20c2648680c6,keep,visually_valid,unknown,,,
annotation,ANN_EIRLPRJ_01336,225a1621-d80a-467d-bd83-4f60c6c65e22,keep,visually_valid,unknown,,,
annotation,ANN_EIRLPRJ_01336,22a9e3af-6b67-485c-9cd7-f4fea7ac6a8a,keep,visually_valid,unknown,,,
annotation,ANN_EIRLPRJ_01336,239d1c35-ddfa-4b5c-9fe3-190c2fe3bfb6,keep,visually_valid,unknown,,,
annotation,ANN_EIRLPRJ_01336,25091dc5-91e8-4993-bfb8-57e1eb315658,keep,visually_valid,unknown,,,
annotation,ANN_EIRLPRJ_01336,25757ef9-b14a-4a4d-863f-571df5a06c7c,keep,visually_valid,unknown,,,
annotation,ANN_EIRLPRJ_01336,26f8fe7d-8709-41c7-aea7-62c6ee34e8fb,keep,visually_valid,unknown,,,
annotation,ANN_EIRLPRJ_01336,284175a8-55f1-41e1-9e4b-2bc27d5151ea,keep,visually_valid,unknown,,,
annotation,ANN_EIRLPRJ_01336,29c1abbd-ea69-41af-99ab-91925eb1464a,keep,visually_valid,unknown,,,
annotation,ANN_EIRLPRJ_01336,29c7582c-e5d4-43ed-b15b-008ca6196bb1,keep,visually_valid,unknown,,,
annotation,ANN_EIRLPRJ_01336,2a1d53e0-e370-430c-b68f-109b3d2136f4,keep,visually_valid,unknown,,,
annotation,ANN_EIRLPRJ_01336,2bb34c89-66fb-436c-8879-1728666fac67,keep,visually_valid,unknown,,,
annotation,ANN_EIRLPRJ_01336,2e2ecdd8-0005-4a3d-8c2b-a39d8993a14e,keep,visually_valid,unknown,,,
annotation,ANN_EIRLPRJ_01336,2e62d72e-fff0-41d0-992b-53e57d20e841,keep,visually_valid,unknown,,,
annotation,ANN_EIRLPRJ_01336,30868bf6-9e2e-4320-8ca2-8d772814be35,keep,visually_valid,unknown,,,
annotation,ANN_EIRLPRJ_01336,3141204e-7e0b-4d52-a3d3-4cff33233441,keep,visually_valid,unknown,,,
annotation,ANN_EIRLPRJ_01336,3231a3c5-ecf8-4706-9441-f9b0daf2f6df,keep,visually_valid,unknown,,,
annotation,ANN_EIRLPRJ_01336,326f2e10-e727-44d4-96e7-d442198fcfad,keep,visually_valid,unknown,,,
annotation,ANN_EIRLPRJ_01336,32b00f69-e3ef-4a7c-8f09-3a85365f02af,keep,visually_valid,unknown,,,
annotation,ANN_EIRLPRJ_01336,347db9d7-edea-4661-916c-9e2eee125bca,keep,visually_valid,unknown,,,
annotation,ANN_EIRLPRJ_01336,35054a16-d4d7-487d-b4a3-45bc24c8d66a,keep,visually_valid,unknown,,,
annotation,ANN_EIRLPRJ_01336,3556a300-c707-4c74-bace-c2f60a84ee8d,keep,visually_valid,unknown,,,
annotation,ANN_EIRLPRJ_01336,36f97e8e-32fa-40d5-a041-8374e4fc15d4,keep,visually_valid,unknown,,,
annotation,ANN_EIRLPRJ_01336,38822ade-461b-460a-8d15-94f9af309c9b,keep,visually_valid,unknown,,,
annotation,ANN_EIRLPRJ_01336,39bdead7-b7ec-479a-b45f-368e4790939e,keep,visually_valid,unknown,,,
annotation,ANN_EIRLPRJ_01336,3ae8e927-f3a4-4d88-8fff-8f273b4b1785,keep,visually_valid,unknown,,,
annotation,ANN_EIRLPRJ_01336,3b04e323-dc1e-415a-8f73-4ff8bece2962,keep,visually_valid,unknown,,,
annotation,ANN_EIRLPRJ_01336,3d4832dd-24cf-49a7-bc4b-cfe8ff80913c,keep,visually_valid,unknown,,,
annotation,ANN_EIRLPRJ_01336,3d778025-2ce6-49fa-9709-e1ea871b6227,keep,visually_valid,unknown,,,
annotation,ANN_EIRLPRJ_01336,3da15d65-cf9e-42d1-b518-92116bf75284,keep,visually_valid,unknown,,,
annotation,ANN_EIRLPRJ_01336,3da65370-fb01-4b45-8852-8abc04150131,keep,visually_valid,unknown,,,
annotation,ANN_EIRLPRJ_01336,3e70f4ac-bce7-4816-9974-468785629c5f,keep,visually_valid,unknown,,,
annotation,ANN_EIRLPRJ_01336,3e8f7cb3-88e4-4beb-b717-5905a1b4bdc5,keep,visually_valid,unknown,,,
annotation,ANN_EIRLPRJ_01336,3fe5752c-f381-47e8-96e2-588e6e2cc14d,keep,visually_valid,unknown,,,
annotation,ANN_EIRLPRJ_01336,3fe8a572-97b1-4eab-8165-246b3661c590,keep,visually_valid,unknown,,,
annotation,ANN_EIRLPRJ_01336,4013e2ee-bacf-412e-bd9f-fb02f6ca90d7,keep,visually_valid,unknown,,,
annotation,ANN_EIRLPRJ_01336,401b5acb-f5b2-40ac-86b9-8a8d99354255,keep,visually_valid,unknown,,,
annotation,ANN_EIRLPRJ_01336,401cbbaf-9096-4961-b7f7-62abb151e282,keep,visually_valid,unknown,,,
annotation,ANN_EIRLPRJ_01336,46b342db-cbc5-4bae-bc5f-6c7cc5e3f1a9,keep,visually_valid,unknown,,,
annotation,ANN_EIRLPRJ_01336,470b6bf6-9259-45c9-8bb2-ae3b4014710e,keep,visually_valid,unknown,,,
annotation,ANN_EIRLPRJ_01336,4a0f4534-7e54-408f-bbdd-bf41bc232645,keep,visually_valid,unknown,,,
annotation,ANN_EIRLPRJ_01336,4a4a11c1-16eb-4f1f-99be-9a72c73fa461,keep,visually_valid,unknown,,,
annotation,ANN_EIRLPRJ_01336,4d984633-cdc5-4ba5-a626-2ab776dc3ea1,keep,visually_valid,unknown,,,
annotation,ANN_EIRLPRJ_01336,4d986b80-01fe-4686-863e-90c4b2cbf302,keep,visually_valid,unknown,,,
annotation,ANN_EIRLPRJ_01336,4da0c990-9a2e-48fc-8281-f75574e45bd3,keep,visually_valid,unknown,,,
annotation,ANN_EIRLPRJ_01336,50396c02-ec11-42ed-8138-7a1e1abd47e0,keep,visually_valid,unknown,,,
annotation,ANN_EIRLPRJ_01336,5078d926-6eeb-4779-bf3c-79e10dbccdb9,keep,visually_valid,unknown,,,
annotation,ANN_EIRLPRJ_01336,50ef430d-b21e-4500-b8a6-7fd7df654d0d,keep,visually_valid,unknown,,,
annotation,ANN_EIRLPRJ_01336,519dbb68-1f2c-4208-9d17-3724895e2e40,keep,visually_valid,unknown,,,
annotation,ANN_EIRLPRJ_01336,51a714b8-4b51-4c69-9493-b6008a47267c,keep,visually_valid,unknown,,,
annotation,ANN_EIRLPRJ_01336,5286038a-0497-423e-8fa3-29dc77a2269b,keep,visually_valid,unknown,,,
annotation,ANN_EIRLPRJ_01336,52b13e29-e211-48a3-9e29-ba0beffb3edb,keep,visually_valid,unknown,,,
annotation,ANN_EIRLPRJ_01336,537dddc9-3ea4-46e9-8bea-043ae99c5edd,keep,visually_valid,unknown,,,
annotation,ANN_EIRLPRJ_01336,53823d86-4b5e-44a9-bee1-c3cb3670e955,keep,visually_valid,unknown,,,
annotation,ANN_EIRLPRJ_01336,549c813d-ae91-45f7-8e4f-7edab6783ec3,keep,visually_valid,unknown,,,
annotation,ANN_EIRLPRJ_01336,55cc4458-3cd1-4442-8d5a-a3c57fdf54a5,keep,visually_valid,unknown,,,
annotation,ANN_EIRLPRJ_01336,566c8e83-0b51-473d-b56d-4eedbabe0253,keep,visually_valid,unknown,,,
annotation,ANN_EIRLPRJ_01336,59bbec4b-372d-4e52-a7f8-a04bc7b12f22,keep,visually_valid,unknown,,,
annotation,ANN_EIRLPRJ_01336,59becfdf-c378-495a-9427-5bf3b8bea02b,keep,visually_valid,unknown,,,
annotation,ANN_EIRLPRJ_01336,59fe6c57-4c9b-440b-94cd-a76c37653fe5,keep,visually_valid,unknown,,,
annotation,ANN_EIRLPRJ_01336,5b034e20-e15f-4aaf-9254-fa548cc96cfb,keep,visually_valid,unknown,,,
annotation,ANN_EIRLPRJ_01336,5b037cdf-4729-447f-84bd-2f0d52eac213,keep,visually_valid,unknown,,,
annotation,ANN_EIRLPRJ_01336,5bda42cf-c014-4e95-8457-1cb0f613ede4,keep,visually_valid,unknown,,,
annotation,ANN_EIRLPRJ_01336,5db1ba39-259e-4d1b-a0c6-2e04f4b575a8,keep,visually_valid,unknown,,,
annotation,ANN_EIRLPRJ_01336,5dfb4bc2-a1db-44a8-a48b-f95564d4c4fb,keep,visually_valid,unknown,,,
annotation,ANN_EIRLPRJ_01336,601e9ac3-796c-438e-a52f-8c1a5792c993,keep,visually_valid,unknown,,,
annotation,ANN_EIRLPRJ_01336,61001061-b17d-46ac-a760-2feaa86a74db,keep,visually_valid,unknown,,,
annotation,ANN_EIRLPRJ_01336,652114f3-f56b-4147-8640-c64413f692a7,keep,visually_valid,unknown,,,
annotation,ANN_EIRLPRJ_01336,65424052-cb42-406b-aeb4-73df4b72607e,keep,visually_valid,unknown,,,
annotation,ANN_EIRLPRJ_01336,6567f940-1976-4813-9d84-bc7c0d35d7fc,keep,visually_valid,unknown,,,
annotation,ANN_EIRLPRJ_01336,66263fc5-a6c3-41ec-8988-2cbc300c025c,keep,visually_valid,unknown,,,
annotation,ANN_EIRLPRJ_01336,675f7765-5504-411e-a675-dc816c6cd6d3,keep,visually_valid,unknown,,,
annotation,ANN_EIRLPRJ_01336,6ae25a17-7c2b-496e-9699-8c8a851cf5ce,keep,visually_valid,unknown,,,
annotation,ANN_EIRLPRJ_01336,6b9ec003-cadf-4e2b-bcc9-8d22668ae07c,keep,visually_valid,unknown,,,
annotation,ANN_EIRLPRJ_01336,6bd49cc0-ebcd-48f7-ba1f-7d60294b718b,keep,visually_valid,unknown,,,
annotation,ANN_EIRLPRJ_01336,6c675d8c-c631-441a-a5cc-13f056b9c946,keep,visually_valid,unknown,,,
annotation,ANN_EIRLPRJ_01336,6ce4d0b2-e508-44bc-b164-624e61f05df3,keep,visually_valid,unknown,,,
annotation,ANN_EIRLPRJ_01336,6d8e2eca-f65a-4c8d-8b9e-68d6ae415d70,keep,visually_valid,unknown,,,
annotation,ANN_EIRLPRJ_01336,6f679f4c-0b60-4187-bfb7-27c04b1cad87,keep,visually_valid,unknown,,,
annotation,ANN_EIRLPRJ_01336,703d4940-2a6b-4788-af4a-cbb257df7ec9,keep,visually_valid,unknown,,,
annotation,ANN_EIRLPRJ_01336,7052d95f-9304-414d-bfad-ec39d4e60ca2,keep,visually_valid,unknown,,,
annotation,ANN_EIRLPRJ_01336,70e41596-1167-4ce9-b4d3-ec3c7bc43d4d,keep,visually_valid,unknown,,,
annotation,ANN_EIRLPRJ_01336,7176953e-bc7f-4e41-9438-360b5ef8bef5,keep,visually_valid,unknown,,,
annotation,ANN_EIRLPRJ_01336,73379d18-eca0-474b-8c19-5ceb9ad7412c,keep,visually_valid,unknown,,,
annotation,ANN_EIRLPRJ_01336,74d6ba1e-43c6-4ea7-a1d7-842c4e5c688f,keep,visually_valid,unknown,,,
annotation,ANN_EIRLPRJ_01336,75016dbe-2b44-48ac-9add-5b1d4b8d5643,keep,visually_valid,unknown,,,
annotation,ANN_EIRLPRJ_01336,756c3ae4-3ad3-4b56-a864-5d4a63820abe,keep,visually_valid,unknown,,,
annotation,ANN_EIRLPRJ_01336,763f0ca1-eaef-4eb0-903a-33c928e62225,keep,visually_valid,unknown,,,
annotation,ANN_EIRLPRJ_01336,77171799-8209-4fab-9ea7-773dae62c6f2,keep,visually_valid,unknown,,,
annotation,ANN_EIRLPRJ_01336,78030421-61d3-4c98-a159-3c007c918085,keep,visually_valid,unknown,,,
annotation,ANN_EIRLPRJ_01336,7e186254-59f0-461e-bc0b-16a35a448504,keep,visually_valid,unknown,,,
annotation,ANN_EIRLPRJ_01336,877c5822-9189-4b47-a0b3-2271731ac3b4,keep,visually_valid,unknown,,,
annotation,ANN_EIRLPRJ_01336,879776a5-772b-4c52-b668-e1d4c0974e0e,keep,visually_valid,unknown,,,
annotation,ANN_EIRLPRJ_01336,8808e79c-7f29-4473-b91d-e4b2c135d10e,keep,visually_valid,unknown,,,
annotation,ANN_EIRLPRJ_01336,884a4bc6-eb1a-435b-893e-91bf6fe88960,keep,visually_valid,unknown,,,
annotation,ANN_EIRLPRJ_01336,89a34486-35fc-45a2-bf25-b6d202e5b92d,keep,visually_valid,unknown,,,
annotation,ANN_EIRLPRJ_01336,8a0f9615-fd6e-4a73-a57c-4683b8ed5f04,keep,visually_valid,unknown,,,
annotation,ANN_EIRLPRJ_01336,8b76d43c-093c-424e-837f-cb26a00b8350,keep,visually_valid,unknown,,,
annotation,ANN_EIRLPRJ_01336,8cde5f94-0819-48e3-a479-79e49502729b,keep,visually_valid,unknown,,,
annotation,ANN_EIRLPRJ_01336,8cf065c5-93ef-4a47-a545-b395b462a202,keep,visually_valid,unknown,,,
annotation,ANN_EIRLPRJ_01336,8d75470a-5cda-4034-ace8-e0dcd5e79123,keep,visually_valid,unknown,,,
annotation,ANN_EIRLPRJ_01336,8df77b45-b5d9-4aaa-a3cf-e50cf9c59cc2,keep,visually_valid,unknown,,,
annotation,ANN_EIRLPRJ_01336,8eafa88a-efeb-4007-a166-f5849cffa245,keep,visually_valid,unknown,,,
annotation,ANN_EIRLPRJ_01336,93c17526-d9f7-4f83-8404-495ecf611e25,keep,visually_valid,unknown,,,
annotation,ANN_EIRLPRJ_01336,94d587c3-3df3-492c-9bde-b33575dabb94,keep,visually_valid,unknown,,,
annotation,ANN_EIRLPRJ_01336,95a8083f-fec8-4029-9ab2-a458a801f102,keep,visually_valid,unknown,,,
annotation,ANN_EIRLPRJ_01336,99d8cbce-84e2-48f0-9077-7392099917ef,keep,visually_valid,unknown,,,
annotation,ANN_EIRLPRJ_01336,9a277294-b521-45ee-a6a0-f7aeb903da58,keep,visually_valid,unknown,,,
annotation,ANN_EIRLPRJ_01336,9b1de82e-379c-4009-a1ca-1796062e7f28,keep,visually_valid,unknown,,,
annotation,ANN_EIRLPRJ_01336,9b881a26-d0f5-4232-a53c-3e9af26c431e,keep,visually_valid,unknown,,,
annotation,ANN_EIRLPRJ_01336,9c8e71db-9319-4aed-b2e3-a741ae68bff0,keep,visually_valid,unknown,,,
annotation,ANN_EIRLPRJ_01336,9d48734e-fd27-4330-b405-a443d57ae847,keep,visually_valid,unknown,,,
annotation,ANN_EIRLPRJ_01336,9d896105-fdf4-4c48-b0f6-4054e928861a,keep,visually_valid,unknown,,,
annotation,ANN_EIRLPRJ_01336,9e24b6de-c1fd-4f73-886a-8c5281eff4b2,keep,visually_valid,unknown,,,
annotation,ANN_EIRLPRJ_01336,9e5d2468-d29f-4543-bc41-f8ce1da01823,keep,visually_valid,unknown,,,
annotation,ANN_EIRLPRJ_01336,9f94824a-bb3b-4c0c-b84f-6d5b6f034605,keep,visually_valid,unknown,,,
annotation,ANN_EIRLPRJ_01336,a166e5ef-cbb8-4515-9b1b-71ee1c309834,keep,visually_valid,unknown,,,
annotation,ANN_EIRLPRJ_01336,a28ba0b3-787c-4174-a44f-4acd9fb645b0,keep,visually_valid,unknown,,,
annotation,ANN_EIRLPRJ_01336,a31ab278-8078-4b79-b605-82095169a841,keep,visually_valid,unknown,,,
annotation,ANN_EIRLPRJ_01336,a584bb1c-f6e3-4dd9-a6fe-5ed02106a3c2,keep,visually_valid,unknown,,,
annotation,ANN_EIRLPRJ_01336,a59e9e6f-dd44-4100-9869-c2ddaa80f888,keep,visually_valid,unknown,,,
annotation,ANN_EIRLPRJ_01336,a60d4882-8a99-41d9-b915-4dde07e06212,keep,visually_valid,unknown,,,
annotation,ANN_EIRLPRJ_01336,a688c7ff-18f6-4b39-9ec2-2c4d12ac784c,keep,visually_valid,unknown,,,
annotation,ANN_EIRLPRJ_01336,a80a87b3-38a4-44f5-bee4-bb88e40bae23,keep,visually_valid,unknown,,,
annotation,ANN_EIRLPRJ_01336,a85e8867-ce01-49f5-832e-b7b58fdb3239,keep,visually_valid,unknown,,,
annotation,ANN_EIRLPRJ_01336,a913ec7c-9f1b-4f59-952a-ec7599dcaa50,keep,visually_valid,unknown,,,
annotation,ANN_EIRLPRJ_01336,aa43efa0-d314-4687-9720-429f7140e7f8,keep,visually_valid,unknown,,,
annotation,ANN_EIRLPRJ_01336,aa59d6ee-0fe7-46b0-87ef-807af4a2ba0e,keep,visually_valid,unknown,,,
annotation,ANN_EIRLPRJ_01336,ab7c5c24-1c81-4c22-9da5-b875084970c2,keep,visually_valid,unknown,,,
annotation,ANN_EIRLPRJ_01336,abca3d33-35e9-4f29-8806-f2e3c89d4798,keep,visually_valid,unknown,,,
annotation,ANN_EIRLPRJ_01336,aec8645d-83bf-4e2f-b895-200a1f1ad25e,keep,visually_valid,unknown,,,
annotation,ANN_EIRLPRJ_01336,b03b0b16-7237-46cf-9467-aedcd835f2e4,keep,visually_valid,unknown,,,
annotation,ANN_EIRLPRJ_01336,b110f162-4742-4f69-8ecd-38ce00203a07,keep,visually_valid,unknown,,,
annotation,ANN_EIRLPRJ_01336,b1867225-7c93-4cf9-a1ea-11064eeb852d,keep,visually_valid,unknown,,,
annotation,ANN_EIRLPRJ_01336,b53c278c-2059-449e-a9f3-d47f9926d5be,keep,visually_valid,unknown,,,
annotation,ANN_EIRLPRJ_01336,b8caa2bb-d70b-42f1-bf0b-6bafc06a5f59,keep,visually_valid,unknown,,,
annotation,ANN_EIRLPRJ_01336,b92ab39d-d679-4f96-b676-dcc50866b1ed,keep,visually_valid,unknown,,,
annotation,ANN_EIRLPRJ_01336,bb43a783-8ba8-4a67-b8e1-7480be79dd31,keep,visually_valid,unknown,,,
annotation,ANN_EIRLPRJ_01336,bc415719-e080-4d40-b6d2-ac625e867949,keep,visually_valid,unknown,,,
annotation,ANN_EIRLPRJ_01336,bce12d4f-687f-4e42-881d-d7b288fef100,keep,visually_valid,unknown,,,
annotation,ANN_EIRLPRJ_01336,bd8db500-e9af-4f52-8846-c400d44eda44,keep,visually_valid,unknown,,,
annotation,ANN_EIRLPRJ_01336,c3121fc6-5b95-460d-9b13-a867cb555278,keep,visually_valid,unknown,,,
annotation,ANN_EIRLPRJ_01336,c31f65a3-ba0c-484f-8966-1b5353f3d8f5,keep,visually_valid,unknown,,,
annotation,ANN_EIRLPRJ_01336,c4360113-c994-447e-9163-07aaa8a78f2d,keep,visually_valid,unknown,,,
annotation,ANN_EIRLPRJ_01336,c48089d4-c7e3-4a7d-93ae-991cc94e333f,keep,visually_valid,unknown,,,
annotation,ANN_EIRLPRJ_01336,c5f7977f-c029-4a93-86db-604e545013cc,keep,visually_valid,unknown,,,
annotation,ANN_EIRLPRJ_01336,c8e6e62b-cd17-487d-99fa-4d7a851003c6,keep,visually_valid,unknown,,,
annotation,ANN_EIRLPRJ_01336,cc64d593-26e7-4f8d-8ef0-3d3fb0e9c2f1,keep,visually_valid,unknown,,,
annotation,ANN_EIRLPRJ_01336,ce92ad67-ec59-42cf-8169-a0c2e0d89f3b,keep,visually_valid,unknown,,,
annotation,ANN_EIRLPRJ_01336,cf8ec63b-5a4f-49ba-b7fe-376cf1dd4061,keep,visually_valid,unknown,,,
annotation,ANN_EIRLPRJ_01336,d0f51f03-2882-4390-af68-5f02e683ddcb,keep,visually_valid,unknown,,,
annotation,ANN_EIRLPRJ_01336,d10576ac-a37f-4e8e-b44b-a8f3f1a5ba4b,keep,visually_valid,unknown,,,
annotation,ANN_EIRLPRJ_01336,d1d53cf3-db22-4068-9228-3d9fcd273ac5,keep,visually_valid,unknown,,,
annotation,ANN_EIRLPRJ_01336,d4575d81-5253-4cbd-8837-6e58def501a8,keep,visually_valid,unknown,,,
annotation,ANN_EIRLPRJ_01336,d88d20c0-ce6d-4a62-b192-9b5e1c5cf14c,keep,visually_valid,unknown,,,
annotation,ANN_EIRLPRJ_01336,d96f5b6a-7c61-47ff-8e0c-e8ace7771873,keep,visually_valid,unknown,,,
annotation,ANN_EIRLPRJ_01336,ddd2673c-a338-4b28-9972-75e8ce3d4672,keep,visually_valid,unknown,,,
annotation,ANN_EIRLPRJ_01336,deeb830e-8f7d-407c-a6bf-e7136a0bc038,keep,visually_valid,unknown,,,
annotation,ANN_EIRLPRJ_01336,df2c501e-511a-45a6-b034-08b6a7c65bd2,keep,visually_valid,unknown,,,
annotation,ANN_EIRLPRJ_01336,dfa2b44c-6958-4090-8764-430c3b4dcd95,keep,visually_valid,unknown,,,
annotation,ANN_EIRLPRJ_01336,dfd8ecc8-dd1e-4c6e-b44d-9c3dddea4814,keep,visually_valid,unknown,,,
annotation,ANN_EIRLPRJ_01336,e0a4417e-93f9-418d-aef5-e56d81c73466,keep,visually_valid,unknown,,,
annotation,ANN_EIRLPRJ_01336,e1db8b43-8973-48db-a2c6-26167611fbb0,keep,visually_valid,unknown,,,
annotation,ANN_EIRLPRJ_01336,e25335b1-8b78-4e05-8e10-47c34084df46,keep,visually_valid,unknown,,,
annotation,ANN_EIRLPRJ_01336,e717a50d-9d34-4e99-8a54-65d553ee6dfa,keep,visually_valid,unknown,,,
annotation,ANN_EIRLPRJ_01336,e7b216c0-f47a-4442-8ba9-64e49fde08ec,keep,visually_valid,unknown,,,
annotation,ANN_EIRLPRJ_01336,e902584d-8439-435e-988a-0980a42cb9ad,keep,visually_valid,unknown,,,
annotation,ANN_EIRLPRJ_01336,e9a30a1b-83d7-4fe0-9033-cba178d411ee,keep,visually_valid,unknown,,,
annotation,ANN_EIRLPRJ_01336,ea0e9f71-0fb0-46ea-93bf-cc1804352edf,keep,visually_valid,unknown,,,
annotation,ANN_EIRLPRJ_01336,eac9bc6b-507c-41e2-85e5-6a27fd9b7383,keep,visually_valid,unknown,,,
annotation,ANN_EIRLPRJ_01336,eb92ce36-dec0-4d90-8eb5-cef0a31b914a,keep,visually_valid,unknown,,,
annotation,ANN_EIRLPRJ_01336,ecd4ec18-5925-4e9f-a406-de0a58a17781,keep,visually_valid,unknown,,,
annotation,ANN_EIRLPRJ_01336,ecef9dae-b9ca-42cb-8e08-1014a34632a6,keep,visually_valid,unknown,,,
annotation,ANN_EIRLPRJ_01336,ed1debd1-72e2-4f7a-802c-a54473c93495,keep,visually_valid,unknown,,,
annotation,ANN_EIRLPRJ_01336,ed91613f-075b-4c50-86bd-78449efcb60f,keep,visually_valid,unknown,,,
annotation,ANN_EIRLPRJ_01336,edb0f034-14b6-4044-960c-45ac0379a78f,keep,visually_valid,unknown,,,
annotation,ANN_EIRLPRJ_01336,eeb02ed0-4e4d-4c86-aef7-0bb4d1cfb8d7,keep,visually_valid,unknown,,,
annotation,ANN_EIRLPRJ_01336,efe4b092-3032-424b-a175-9c9ce3aedc80,keep,visually_valid,unknown,,,
annotation,ANN_EIRLPRJ_01336,f0d68cf7-187b-4885-a23d-71103f18e14b,keep,visually_valid,unknown,,,
annotation,ANN_EIRLPRJ_01336,f360e4e6-160f-4cb0-bb55-aa27f89a9009,keep,visually_valid,unknown,,,
annotation,ANN_EIRLPRJ_01336,f3e1fee2-1797-4a60-b466-80e6a8eb03c6,keep,visually_valid,unknown,,,
annotation,ANN_EIRLPRJ_01336,f3e56ec2-0f8e-44a1-8385-a85cba46cdf2,keep,visually_valid,unknown,,,
annotation,ANN_EIRLPRJ_01336,f4c5aa12-91ac-4a6d-b521-c42d6aa621be,keep,visually_valid,unknown,,,
annotation,ANN_EIRLPRJ_01336,f4de65bf-39da-4f79-925b-2ce498455884,keep,visually_valid,unknown,,,
annotation,ANN_EIRLPRJ_01336,f57ab6a3-9d55-4058-aed7-72e55366ecf9,keep,visually_valid,unknown,,,
annotation,ANN_EIRLPRJ_01336,f5dae3b1-5173-41ed-aa6a-1d7ccab62870,keep,visually_valid,unknown,,,
annotation,ANN_EIRLPRJ_01336,fa0d0019-a529-4668-9eb1-e930853ed8af,keep,visually_valid,unknown,,,
annotation,ANN_EIRLPRJ_01336,fa1ac8fe-a34e-4ac6-9e0c-22f4ba57f1d5,keep,visually_valid,unknown,,,
annotation,ANN_EIRLPRJ_01336,fad22d8a-7ea7-4a05-88e9-36df84c031d2,keep,visually_valid,unknown,,,
annotation,ANN_EIRLPRJ_01336,fb242309-8b42-41e5-b1d4-1ad9a1db1552,keep,visually_valid,unknown,,,
annotation,ANN_EIRLPRJ_01336,fb5d8b47-9dc5-4e26-b06c-ad39a305de5a,keep,visually_valid,unknown,,,
annotation,ANN_EIRLPRJ_01336,fbcae47b-4c62-4a15-a657-857e776f2fcc,keep,visually_valid,unknown,,,
annotation,ANN_EIRLPRJ_01336,fc042fab-c278-4cb3-baca-014d20dd4cb4,keep,visually_valid,unknown,,,
annotation,ANN_EIRLPRJ_01336,fc66e6fa-cf80-4cfa-837a-c9e76a5aa0df,keep,visually_valid,unknown,,,
annotation,ANN_EIRLPRJ_01336,fd96a364-9e35-4ea0-acd0-89adcbf91057,keep,visually_valid,unknown,,,
annotation,ANN_EIRLPRJ_1298,10245c77-a6cd-46cc-8340-7fbd82a40bf2,keep,,unknown,,,
annotation,ANN_EIRLPRJ_1298,12dcec13-cee7-4da6-a589-7cad8a912419,keep,,unknown,,,
annotation,ANN_EIRLPRJ_1298,173df6c6-b521-454e-9850-2f9333f22096,keep,,unknown,,,
annotation,ANN_EIRLPRJ_1298,190d9cc5-5d8c-4131-8989-d992493ddf6a,keep,,unknown,,,
annotation,ANN_EIRLPRJ_1298,191c6f3a-1f5a-4cf0-a47b-3710c339be1a,keep,,unknown,,,
annotation,ANN_EIRLPRJ_1298,1be2eaba-5a91-4380-8376-db5fd9662345,keep,,unknown,,,
annotation,ANN_EIRLPRJ_1298,1d7c6341-6e81-4a9c-b612-526e2e156606,keep,,unknown,,,
annotation,ANN_EIRLPRJ_1298,1ec62f76-cc5c-418a-a0a7-eca3003bbf72,keep,,unknown,,,
annotation,ANN_EIRLPRJ_1298,24a190e1-9633-4fd0-9450-a9dbeea04aaf,keep,,unknown,,,
annotation,ANN_EIRLPRJ_1298,259b538e-769f-4b92-b11d-c53dbbdbdf91,keep,,unknown,,,
annotation,ANN_EIRLPRJ_1298,267634d2-6762-49d0-8edc-7c0185dfb5ca,keep,,unknown,,,
annotation,ANN_EIRLPRJ_1298,2bb904f7-1a92-4587-ab86-a27d54f2131e,keep,,unknown,,,
annotation,ANN_EIRLPRJ_1298,2c1c4c9c-be85-4be2-b595-dd703f6a48d8,keep,,unknown,,,
annotation,ANN_EIRLPRJ_1298,2e756820-b968-4454-8cba-428076d904bb,keep,,unknown,,,
annotation,ANN_EIRLPRJ_1298,2fcc42cd-600e-48a6-b7bc-a4ed33423082,keep,,unknown,,,
annotation,ANN_EIRLPRJ_1298,356a631c-b2d9-43f3-aa8e-e961f6e2815d,keep,,unknown,,,
annotation,ANN_EIRLPRJ_1298,3e670b68-810e-4fc8-a74a-6e6fe249c767,keep,,unknown,,,
annotation,ANN_EIRLPRJ_1298,3fd9fdae-f070-4dc7-94e0-42898ffec3f2,keep,,unknown,,,
annotation,ANN_EIRLPRJ_1298,4307bfc0-a955-455f-8d29-135a69761f4d,keep,,unknown,,,
annotation,ANN_EIRLPRJ_1298,434ee359-84ea-4800-ab1e-cdac6f05af58,keep,,unknown,,,
annotation,ANN_EIRLPRJ_1298,461052a5-2cd1-4424-8176-4933f28dd880,keep,,unknown,,,
annotation,ANN_EIRLPRJ_1298,46626c3b-2341-4d51-8ce9-b43ed9408648,keep,,unknown,,,
annotation,ANN_EIRLPRJ_1298,5111bf98-2611-4b71-bd27-8cab0209fb3b,keep,,unknown,,,
annotation,ANN_EIRLPRJ_1298,58ce5e8a-f4f1-4ecf-9f03-c5844581cea1,keep,,unknown,,,
annotation,ANN_EIRLPRJ_1298,6604142a-8405-431d-b4ae-a7aa18f95340,keep,,unknown,,,
annotation,ANN_EIRLPRJ_1298,789f4b3a-482b-46b4-9ea3-b4f79f9d51ff,keep,,unknown,,,
annotation,ANN_EIRLPRJ_1298,78db0ea2-6ec2-4942-bdd8-9ff8b4cea04d,keep,,unknown,,,
annotation,ANN_EIRLPRJ_1298,7b720d25-89bd-4a7f-9fb3-098131f65a38,keep,,unknown,,,
annotation,ANN_EIRLPRJ_1298,7bae4eff-7671-4b14-8b0b-9937ed00be59,keep,,unknown,,,
annotation,ANN_EIRLPRJ_1298,8bf02d16-8511-4d77-aeef-8e14f6445443,keep,,unknown,,,
annotation,ANN_EIRLPRJ_1298,8eabe2ac-22d6-4d59-94e9-3ecbb757cb5a,keep,,unknown,,,
annotation,ANN_EIRLPRJ_1298,947bae99-f73a-455d-9d1f-fbdac8f8b23c,keep,,unknown,,,
annotation,ANN_EIRLPRJ_1298,9675a120-53e8-4f2a-b457-17ccca04f9ca,keep,,unknown,,,
annotation,ANN_EIRLPRJ_1298,9d219e28-6e0a-4c15-905a-627907d666b4,keep,,unknown,,,
annotation,ANN_EIRLPRJ_1298,9db34c79-ce45-40d4-a30b-166edf54a9c4,keep,,unknown,,,
annotation,ANN_EIRLPRJ_1298,a52fc430-7150-4b16-838b-0fe0434fa0ed,keep,,unknown,,,
annotation,ANN_EIRLPRJ_1298,a5b4711a-8190-4375-90f9-c5ab261b7d75,keep,,unknown,,,
annotation,ANN_EIRLPRJ_1298,ab85be60-99f3-4c93-bb49-9494e9272a68,keep,,unknown,,,
annotation,ANN_EIRLPRJ_1298,acffae32-7bec-4f44-8107-f85e3b74ebdd,keep,,unknown,,,
annotation,ANN_EIRLPRJ_1298,b89a7361-ee79-40ea-8d91-8e841cd0ee57,keep,,unknown,,,
annotation,ANN_EIRLPRJ_1298,b95985ed-57da-4da1-9877-b55f32c92e8e,keep,,unknown,,,
annotation,ANN_EIRLPRJ_1298,bdcf3c05-2b24-416c-b18d-6f98534e5794,keep,,unknown,,,
annotation,ANN_EIRLPRJ_1298,c12fb2e2-5cb9-46ca-b68d-700722311daf,keep,,unknown,,,
annotation,ANN_EIRLPRJ_1298,c3daf719-4b95-4723-aa97-2d8eed412c9d,keep,,unknown,,,
annotation,ANN_EIRLPRJ_1298,c9ca39ed-c8f7-469a-a28e-73261ec10092,keep,,unknown,,,
annotation,ANN_EIRLPRJ_1298,cc125fef-97d9-4811-a7df-d67cf58a7758,keep,,unknown,,,
annotation,ANN_EIRLPRJ_1298,d1c3486f-28ee-4351-8df0-ad5eb44031a6,keep,,unknown,,,
annotation,ANN_EIRLPRJ_1298,db31bc27-a734-4f63-ba8d-be20ded8e4d7,keep,,unknown,,,
annotation,ANN_EIRLPRJ_1298,e0e0d74c-d4a4-473e-9a92-52ebf4156431,keep,,unknown,,,
annotation,ANN_EIRLPRJ_1298,e8eae19e-77af-4d9f-a4e3-3cf43841088c,keep,,unknown,,,
annotation,ANN_EIRLPRJ_1298,ef7d9ba9-e797-47c3-a956-68bdbcc7df21,keep,,unknown,,,
annotation,ANN_EIRLPRJ_1298,f1d692a2-289c-4619-a355-e3deee820224,keep,,unknown,,,
annotation,ANN_EIRLPRJ_1298,f7997927-07b9-4c57-8687-339255609160,keep,,unknown,,,
annotation,ANN_EIRLPRJ_1298,fa7911ee-6ebd-442e-9f8a-4b3b4958508b,keep,,unknown,,,
annotation,ANN_EIRLPRJ_1298,fb977b71-b35f-4875-9a59-db2743065d6c,keep,,unknown,,,
annotation,ANN_EIRLPRJ_1298,fc94a07d-d5a5-4c13-8c8f-7eaf5d07bdf2,keep,,unknown,,,
annotation,ANN_EIRLPRJ_1298,fe0b439a-4835-4174-8783-2573fb44fcc2,keep,,unknown,,,
annotation,ETR_ChestMetry_PI6px_pneumothorax_add,08cf9276-a78e-4e83-ba5d-42e928f2646b,exclude,visually_valid,unknown,,,
annotation,ETR_ChestMetry_PI6px_pneumothorax_add,0b2dac3e-24b0-4726-baa9-a5e417cd568f,exclude,invalid_duplicate,unknown,,,
annotation,ETR_ChestMetry_PI6px_pneumothorax_add,1bfd7fca-a2b6-4b73-8956-669ac5487c6c,keep,,unknown,,,
annotation,ETR_ChestMetry_PI6px_pneumothorax_add,23c03618-c61f-4c4d-b424-bfbbb40a9d3d,keep,visually_valid,unknown,,,
annotation,ETR_ChestMetry_PI6px_pneumothorax_add,243bf537-207b-4d4d-b539-c619357ce0dd,exclude,visually_valid,unknown,,,
annotation,ETR_ChestMetry_PI6px_pneumothorax_add,28a61a02-c8fa-4db1-8900-6b40d721ee16,keep,visually_valid,unknown,,,
annotation,ETR_ChestMetry_PI6px_pneumothorax_add,2aca5b86-ef38-409a-98c7-8005622e13d8,exclude,,unknown,,,
annotation,ETR_ChestMetry_PI6px_pneumothorax_add,2defe334-840e-4567-b73d-efc62c6fe9a9,keep,,unknown,,,
annotation,ETR_ChestMetry_PI6px_pneumothorax_add,2eb125e4-1f96-4189-be81-350155f2d03a,exclude,invalid_duplicate,unknown,,,
annotation,ETR_ChestMetry_PI6px_pneumothorax_add,31b0cdb3-f4e7-4be1-b0df-2d109c84ce23,exclude,invalid_duplicate,unknown,,,
annotation,ETR_ChestMetry_PI6px_pneumothorax_add,418cb05c-860c-46b8-983d-599e97648e9e,keep,,unknown,,,
annotation,ETR_ChestMetry_PI6px_pneumothorax_add,4c9c50ab-aaf0-47a7-a68d-390b2a61f7f1,keep,visually_valid,unknown,,,
annotation,ETR_ChestMetry_PI6px_pneumothorax_add,52cd9d0c-9cfe-42c7-8b0a-453f21c0fe9c,exclude,invalid_duplicate,unknown,,,
annotation,ETR_ChestMetry_PI6px_pneumothorax_add,62480145-82d3-4a7b-a624-aa18d4d63534,exclude,,unknown,,,
annotation,ETR_ChestMetry_PI6px_pneumothorax_add,70fa859f-b0fe-44e7-922f-0594a691b9bd,keep,visually_valid,unknown,,,
annotation,ETR_ChestMetry_PI6px_pneumothorax_add,711a3525-af76-49f9-bc96-121b3eb04491,exclude,,unknown,,,
annotation,ETR_ChestMetry_PI6px_pneumothorax_add,738eb3b3-d890-4926-a334-c631a10b17e1,exclude,invalid_duplicate,unknown,,,
annotation,ETR_ChestMetry_PI6px_pneumothorax_add,76f80405-4310-4798-ae2d-3e9abf5e3ea1,exclude,invalid_duplicate,unknown,,,
annotation,ETR_ChestMetry_PI6px_pneumothorax_add,798f12bd-922f-46a1-aaf0-68fcf965e03f,keep,,unknown,,,
annotation,ETR_ChestMetry_PI6px_pneumothorax_add,7d5dad70-aec4-4fa7-bf4f-06867dfa0a49,keep,,unknown,,,
annotation,ETR_ChestMetry_PI6px_pneumothorax_add,80ecf179-3e89-44fb-8214-68afe4f9baaa,exclude,invalid_duplicate,unknown,,,
annotation,ETR_ChestMetry_PI6px_pneumothorax_add,86e3aa6e-09fa-45f2-b344-ebd5cc1d22c4,exclude,invalid_duplicate,unknown,,,
annotation,ETR_ChestMetry_PI6px_pneumothorax_add,9a1b1b1d-9c48-462e-8463-d2c8d8a96983,exclude,invalid_duplicate,unknown,,,
annotation,ETR_ChestMetry_PI6px_pneumothorax_add,a8ef066f-40ed-4442-bf87-ace67dfd4ca0,exclude,,unknown,,,
annotation,ETR_ChestMetry_PI6px_pneumothorax_add,aca87d2a-b6c6-42b2-bca6-38f29529c026,keep,visually_valid,unknown,,,
annotation,ETR_ChestMetry_PI6px_pneumothorax_add,cc28693b-717d-4557-a451-67a07881e11b,exclude,invalid_duplicate,unknown,,,
annotation,ETR_ChestMetry_PI6px_pneumothorax_add,d5704a97-4cb0-4c13-b5e1-5b83702ddf40,exclude,invalid_duplicate,unknown,,,
annotation,ETR_ChestMetry_PI6px_pneumothorax_add,d63babf6-10fe-46ce-ac2b-b22c3b9ab98e,keep,visually_valid,unknown,,,
annotation,ETR_ChestMetry_PI6px_pneumothorax_add,ddfc8fff-cee5-4eb8-8b64-b02e43f8b27b,keep,visually_valid,unknown,,,
annotation,ETR_ChestMetry_PI6px_pneumothorax_add,e1cd7a51-38cf-40dc-82c6-dddb16e38e11,exclude,invalid_duplicate,unknown,,,
annotation,ETR_ChestMetry_PI6px_pneumothorax_add,e56e67bf-7dc9-4bed-b56b-12086c69bcc5,exclude,,unknown,,,
annotation,ETR_ChestMetry_PI6px_pneumothorax_add,e6208798-4d34-497c-8576-5664d1b96948,exclude,,unknown,,,
annotation,ETR_ChestMetry_PI6px_pneumothorax_add,ecc14939-5c74-4ea5-80ae-90c2faa37818,exclude,invalid_duplicate,unknown,,,
annotation,ETR_ChestMetry_PI6px_pneumothorax_add,f0cc60ef-3fc8-4f8b-95e0-abdccceefa96,exclude,,unknown,,,
annotation,ETR_ChestMetry_PI6px_pneumothorax_add,f80a0f29-cefc-4a82-b079-cd7dbef07bc5,keep,visually_valid,unknown,,,
annotation,ETR_ChestMetry_PI6px_pneumothorax_add,fd4268f5-34d0-49fe-90ed-a6b1e1190e46,exclude,invalid_annotation,unknown,,,
annotation,ETR_ChestMetry_PI6px_with_mask136,04d9b185-8d46-430a-b672-7249e82a7e89,exclude,,unknown,,,
annotation,ETR_ChestMetry_PI6px_with_mask136,0a7f6bc8-c34f-4d3e-8a1f-9676ff46de5d,keep,,unknown,,,
annotation,ETR_ChestMetry_PI6px_with_mask136,0b2dac3e-24b0-4726-baa9-a5e417cd568f,keep,visually_valid,unknown,,,
annotation,ETR_ChestMetry_PI6px_with_mask136,0dbff3f1-4f94-4297-b5d6-77a272eb0aa3,exclude,,unknown,,,
annotation,ETR_ChestMetry_PI6px_with_mask136,0f31f2a7-72f8-4852-8bef-4bab5e48418b,keep,visually_valid,unknown,,,
annotation,ETR_ChestMetry_PI6px_with_mask136,1362e669-09f2-4ec1-838c-0c6a56e96fc2,keep,,unknown,,,
annotation,ETR_ChestMetry_PI6px_with_mask136,13e5f89e-573b-4ac1-a5a3-5279444f7f78,exclude,,unknown,,,
annotation,ETR_ChestMetry_PI6px_with_mask136,14c0ea03-05bd-4312-b831-7d330e312e1c,exclude,,unknown,,,
annotation,ETR_ChestMetry_PI6px_with_mask136,1bfd7fca-a2b6-4b73-8956-669ac5487c6c,keep,,unknown,,,
annotation,ETR_ChestMetry_PI6px_with_mask136,1c59d5e9-7a5a-4922-a2df-0eccd3fb9c6b,exclude,,unknown,,,
annotation,ETR_ChestMetry_PI6px_with_mask136,1c8d86ab-70ff-4d0c-870c-b8bc2de3bb2f,keep,,unknown,,,
annotation,ETR_ChestMetry_PI6px_with_mask136,1d3a9d7c-24e8-4670-9e4d-a6602efa2da6,exclude,,unknown,,,
annotation,ETR_ChestMetry_PI6px_with_mask136,20312075-4160-4269-843c-48c084551cbf,keep,visually_valid,unknown,,,
annotation,ETR_ChestMetry_PI6px_with_mask136,20f73cc9-20a7-4d16-b854-e733c2228268,exclude,,unknown,,,
annotation,ETR_ChestMetry_PI6px_with_mask136,23c03618-c61f-4c4d-b424-bfbbb40a9d3d,exclude,,unknown,,,
annotation,ETR_ChestMetry_PI6px_with_mask136,242aad71-3efd-48f1-af4b-e2b4b71f5d56,exclude,visually_valid,unknown,,,
annotation,ETR_ChestMetry_PI6px_with_mask136,282bd8e0-c2bb-41a0-b952-0e62535b606c,keep,visually_valid,unknown,,,
annotation,ETR_ChestMetry_PI6px_with_mask136,28a61a02-c8fa-4db1-8900-6b40d721ee16,keep,visually_valid,unknown,,,
annotation,ETR_ChestMetry_PI6px_with_mask136,2a4eec84-c552-407a-a924-a1ddd2cb0fd8,keep,,unknown,,,
annotation,ETR_ChestMetry_PI6px_with_mask136,2defe334-840e-4567-b73d-efc62c6fe9a9,keep,,unknown,,,
annotation,ETR_ChestMetry_PI6px_with_mask136,3098ea95-323a-4522-b0a2-6db6cb2e9628,keep,,unknown,,,
annotation,ETR_ChestMetry_PI6px_with_mask136,30c02a48-113a-47ea-9a97-40b749f40a08,exclude,,unknown,,,
annotation,ETR_ChestMetry_PI6px_with_mask136,323fe9b4-d604-44d9-ac4d-a05aec9d9ed5,exclude,,unknown,,,
annotation,ETR_ChestMetry_PI6px_with_mask136,354353c1-ae18-4315-b183-332865d212e7,keep,visually_valid,unknown,,,
annotation,ETR_ChestMetry_PI6px_with_mask136,3673c878-af80-449f-b0c8-83f14de30b1f,exclude,,unknown,,,
annotation,ETR_ChestMetry_PI6px_with_mask136,36b6f982-9f58-4787-8ee3-605be524344e,keep,visually_valid,unknown,,,
annotation,ETR_ChestMetry_PI6px_with_mask136,3c427c78-07e3-4132-80d8-04b92f4065e4,exclude,invalid_duplicate,unknown,,,
annotation,ETR_ChestMetry_PI6px_with_mask136,41395197-a8b2-4a06-9a3d-42194a29036f,exclude,,unknown,,,
annotation,ETR_ChestMetry_PI6px_with_mask136,418cb05c-860c-46b8-983d-599e97648e9e,keep,,unknown,,,
annotation,ETR_ChestMetry_PI6px_with_mask136,42fef131-71a2-48e8-b7b4-9f0930d1c274,keep,,unknown,,,
annotation,ETR_ChestMetry_PI6px_with_mask136,441d4538-ad11-4d77-a1c9-3c54bedf4656,exclude,,unknown,,,
annotation,ETR_ChestMetry_PI6px_with_mask136,44ff2b11-5ecf-43ef-abe8-7b0f3ae016d8,exclude,invalid_duplicate,unknown,,,
annotation,ETR_ChestMetry_PI6px_with_mask136,470bb99c-dc3e-4c2f-9337-221cc3943b68,exclude,,unknown,,,
annotation,ETR_ChestMetry_PI6px_with_mask136,47ae9319-56f8-442b-bd22-c8035c3cfdd2,exclude,,unknown,,,
annotation,ETR_ChestMetry_PI6px_with_mask136,4c9c50ab-aaf0-47a7-a68d-390b2a61f7f1,keep,visually_valid,unknown,,,
annotation,ETR_ChestMetry_PI6px_with_mask136,4cd9f4db-9f80-432a-8271-dd1e4b4cff00,exclude,,unknown,,,
annotation,ETR_ChestMetry_PI6px_with_mask136,4e0718e5-330f-4d65-a4d6-6aeaed538d85,keep,,unknown,,,
annotation,ETR_ChestMetry_PI6px_with_mask136,4ebd45b2-7ce6-418d-967f-22998c6b0d74,exclude,,unknown,,,
annotation,ETR_ChestMetry_PI6px_with_mask136,4f7520d4-ac3b-46b3-ba73-94c0268ef43b,exclude,,unknown,,,
annotation,ETR_ChestMetry_PI6px_with_mask136,4fc2d551-70cd-489f-9efb-ef741148661d,keep,visually_valid,unknown,,,
annotation,ETR_ChestMetry_PI6px_with_mask136,55b774ff-8e39-4d2a-ab31-8628288f288f,keep,,unknown,,,
annotation,ETR_ChestMetry_PI6px_with_mask136,56d6e95f-61e0-4a1e-95db-04884ec85dd3,keep,visually_valid,unknown,,,
annotation,ETR_ChestMetry_PI6px_with_mask136,5c290d06-4a29-40d6-b0f5-6d3c6ce618a1,exclude,,unknown,,,
annotation,ETR_ChestMetry_PI6px_with_mask136,6001bca5-a566-499b-bd5f-e5d4cfc7e41a,exclude,,unknown,,,
annotation,ETR_ChestMetry_PI6px_with_mask136,617222c1-c525-4988-9eb2-e23c0cd259b0,keep,visually_valid,unknown,,,
annotation,ETR_ChestMetry_PI6px_with_mask136,61cf01dc-8bd4-48ca-a5d9-820f2bb518cd,keep,visually_valid,unknown,,,
annotation,ETR_ChestMetry_PI6px_with_mask136,6c16c720-de70-433f-85e4-6ce3ceefefef,exclude,,unknown,,,
annotation,ETR_ChestMetry_PI6px_with_mask136,70fa859f-b0fe-44e7-922f-0594a691b9bd,keep,,unknown,,,
annotation,ETR_ChestMetry_PI6px_with_mask136,711a3525-af76-49f9-bc96-121b3eb04491,keep,visually_valid,unknown,,,
annotation,ETR_ChestMetry_PI6px_with_mask136,767e80bc-181f-415a-9089-973ae36dbc26,exclude,,unknown,,,
annotation,ETR_ChestMetry_PI6px_with_mask136,798f12bd-922f-46a1-aaf0-68fcf965e03f,keep,,unknown,,,
annotation,ETR_ChestMetry_PI6px_with_mask136,7d1a771b-f3f8-4378-81a4-e41153dc5f81,exclude,,unknown,,,
annotation,ETR_ChestMetry_PI6px_with_mask136,7d5dad70-aec4-4fa7-bf4f-06867dfa0a49,keep,,unknown,,,
annotation,ETR_ChestMetry_PI6px_with_mask136,7f9006e6-875d-40a9-a889-a3cfc12c3c0e,exclude,,unknown,,,
annotation,ETR_ChestMetry_PI6px_with_mask136,8678abfb-0a29-4e38-9732-c7cb6e8a48f5,keep,,unknown,,,
annotation,ETR_ChestMetry_PI6px_with_mask136,86e3aa6e-09fa-45f2-b344-ebd5cc1d22c4,keep,visually_valid,unknown,,,
annotation,ETR_ChestMetry_PI6px_with_mask136,8b717296-6f66-4dc5-8ba9-f81bf3f62719,exclude,,unknown,,,
annotation,ETR_ChestMetry_PI6px_with_mask136,8c612a0c-7225-4e70-bf45-44f6d8408527,keep,visually_valid,unknown,,,
annotation,ETR_ChestMetry_PI6px_with_mask136,8fdb709d-41c2-40aa-aa1f-9b32d62def10,keep,,unknown,,,
annotation,ETR_ChestMetry_PI6px_with_mask136,95160950-2d93-4561-9735-2f806831c194,keep,,unknown,,,
annotation,ETR_ChestMetry_PI6px_with_mask136,9a1b1b1d-9c48-462e-8463-d2c8d8a96983,exclude,,unknown,,,
annotation,ETR_ChestMetry_PI6px_with_mask136,9c725c80-4694-45c3-b2c8-0ecf8c36080c,keep,visually_valid,unknown,,,
annotation,ETR_ChestMetry_PI6px_with_mask136,9e3b8292-6d70-480c-900b-fdadf4fd7984,keep,visually_valid,unknown,,,
annotation,ETR_ChestMetry_PI6px_with_mask136,a054042c-753a-4a49-9b85-49d64c8cf6d5,keep,visually_valid,unknown,,,
annotation,ETR_ChestMetry_PI6px_with_mask136,a0d56c20-148a-4793-b416-f54dd220decf,keep,visually_valid,unknown,,,
annotation,ETR_ChestMetry_PI6px_with_mask136,a1b57102-5488-4d12-83ee-d86a90c8dc4c,keep,visually_valid,unknown,,,
annotation,ETR_ChestMetry_PI6px_with_mask136,a58b5db4-bc14-4ecf-b3a0-b4ecffa2c1e8,exclude,,unknown,,,
annotation,ETR_ChestMetry_PI6px_with_mask136,ab290b88-c792-4ffc-a335-09459d571dea,keep,visually_valid,unknown,,,
annotation,ETR_ChestMetry_PI6px_with_mask136,ac94779b-53e1-4513-b726-b2b38a74915a,keep,,unknown,,,
annotation,ETR_ChestMetry_PI6px_with_mask136,aca87d2a-b6c6-42b2-bca6-38f29529c026,keep,,unknown,,,
annotation,ETR_ChestMetry_PI6px_with_mask136,ad138832-96a0-4f58-aa40-71a689fbc20e,exclude,,unknown,,,
annotation,ETR_ChestMetry_PI6px_with_mask136,af9484bf-b4c8-41e0-afdf-cd73293ae0a3,keep,visually_valid,unknown,,,
annotation,ETR_ChestMetry_PI6px_with_mask136,b1cf9ba7-28cb-48f1-8b1f-3bf184bd5f28,exclude,,unknown,,,
annotation,ETR_ChestMetry_PI6px_with_mask136,b2b62ed2-354e-4cea-a78c-d1c0bbaeba0c,keep,visually_valid,unknown,,,
annotation,ETR_ChestMetry_PI6px_with_mask136,b3a8976f-e0bb-4ec1-bee3-185a96791b5f,keep,visually_valid,unknown,,,
annotation,ETR_ChestMetry_PI6px_with_mask136,b4968478-7e80-4bd2-a9ad-0fba9d7e0913,keep,,unknown,,,
annotation,ETR_ChestMetry_PI6px_with_mask136,be35b81b-c84d-4fad-bf86-08364d9d2052,exclude,,unknown,,,
annotation,ETR_ChestMetry_PI6px_with_mask136,c17bc6c4-4c68-4645-ba7f-f567d2384cdf,exclude,,unknown,,,
annotation,ETR_ChestMetry_PI6px_with_mask136,c382f7d0-6e09-42ad-bfce-e78674b10afe,keep,,unknown,,,
annotation,ETR_ChestMetry_PI6px_with_mask136,c4799717-5614-4573-8b8c-85fdf02793aa,keep,visually_valid,unknown,,,
annotation,ETR_ChestMetry_PI6px_with_mask136,c674520a-a374-4493-b900-1538e7cdf6d8,keep,,unknown,,,
annotation,ETR_ChestMetry_PI6px_with_mask136,ca005d54-7394-4940-9ed3-907ada3d56dd,keep,visually_valid,unknown,,,
annotation,ETR_ChestMetry_PI6px_with_mask136,d099cc46-477c-4b7b-9ab7-c2c37fcb0f59,keep,,unknown,,,
annotation,ETR_ChestMetry_PI6px_with_mask136,d6257e93-7ed6-4913-9f07-b0d16d8be648,exclude,,unknown,,,
annotation,ETR_ChestMetry_PI6px_with_mask136,d63babf6-10fe-46ce-ac2b-b22c3b9ab98e,keep,visually_valid,unknown,,,
annotation,ETR_ChestMetry_PI6px_with_mask136,d78fe8b3-2f3e-441d-aa4a-c3d5de8c3728,keep,visually_valid,unknown,,,
annotation,ETR_ChestMetry_PI6px_with_mask136,da4a32dd-d5bd-48e3-b0e6-842a53c4fe72,keep,,unknown,,,
annotation,ETR_ChestMetry_PI6px_with_mask136,da937251-89bb-4655-95f0-eb5494bea7f4,exclude,,unknown,,,
annotation,ETR_ChestMetry_PI6px_with_mask136,dbd6b648-3902-4946-b8d1-a71d3d9e607d,exclude,,unknown,,,
annotation,ETR_ChestMetry_PI6px_with_mask136,e1e839cc-a4bb-4752-8cce-e0347047965d,exclude,,unknown,,,
annotation,ETR_ChestMetry_PI6px_with_mask136,e1f99943-d163-40b3-96a7-a968023fe861,keep,,unknown,,,
annotation,ETR_ChestMetry_PI6px_with_mask136,e3f90267-f171-4739-945f-fd6fbb202e3d,keep,visually_valid,unknown,,,
annotation,ETR_ChestMetry_PI6px_with_mask136,e61d49c2-7317-4902-acc5-546627539389,keep,visually_valid,unknown,,,
annotation,ETR_ChestMetry_PI6px_with_mask136,e9968a01-c13c-44cf-9f90-2d60a540ae1d,keep,visually_valid,unknown,,,
annotation,ETR_ChestMetry_PI6px_with_mask136,ea2f9c42-ff7c-4fdf-be02-295023718219,exclude,visually_valid,unknown,,,
annotation,ETR_ChestMetry_PI6px_with_mask136,f3b06f24-cc75-40b7-87e4-c5ed6d47f98b,exclude,,unknown,,,
annotation,ETR_ChestMetry_PI6px_with_mask136,f3e76352-dc13-4c7d-81f7-1347cef326e6,exclude,,unknown,,,
annotation,ETR_ChestMetry_PI6px_with_mask136,f4a8c951-3379-4ec7-9327-656c8fd2d796,exclude,,unknown,,,
annotation,ETR_ChestMetry_PI6px_with_mask136,f5e3d9f2-4e58-4e11-9681-81efbf1c77a7,keep,visually_valid,unknown,,,
annotation,ETR_ChestMetry_PI6px_with_mask136,f649a9f3-c4fa-41fe-96ad-eca634aecd64,keep,visually_valid,unknown,,,
annotation,ETR_ChestMetry_PI6px_with_mask136,f80a0f29-cefc-4a82-b079-cd7dbef07bc5,exclude,,unknown,,,
annotation,ETR_ChestMetry_PI6px_with_mask136,f81210c5-3864-4c03-8bc2-fbd115208ad0,exclude,,unknown,,,
annotation,ETR_ChestMetry_PI6px_with_mask136,fd4268f5-34d0-49fe-90ed-a6b1e1190e46,keep,,unknown,,,
annotation,ETR_ChestMetry_PI6px_with_mask136,fe48d1a9-7d4c-4703-ab73-35504b30bd22,keep,visually_valid,unknown,,,
annotation,ETR_ChestMetry_PI6px_with_mask136,fe554305-0329-428b-a8e7-816ea040c9c4,keep,visually_valid,unknown,,,
annotation,ETR_ChestMetry_PI6px_with_mask136,fff35e88-932f-4c90-8557-53efffe42cba,keep,visually_valid,unknown,,,
annotation,PTE_CX_MT_PI3_pneumothorax,0dbff3f1-4f94-4297-b5d6-77a272eb0aa3,exclude,,unknown,,,
annotation,PTE_CX_MT_PI3_pneumothorax,0f31f2a7-72f8-4852-8bef-4bab5e48418b,keep,visually_valid,unknown,,,
annotation,PTE_CX_MT_PI3_pneumothorax,1362e669-09f2-4ec1-838c-0c6a56e96fc2,keep,visually_valid,unknown,,,
annotation,PTE_CX_MT_PI3_pneumothorax,13e5f89e-573b-4ac1-a5a3-5279444f7f78,exclude,visually_valid,unknown,,,
annotation,PTE_CX_MT_PI3_pneumothorax,14c0ea03-05bd-4312-b831-7d330e312e1c,exclude,,unknown,,,
annotation,PTE_CX_MT_PI3_pneumothorax,1c59d5e9-7a5a-4922-a2df-0eccd3fb9c6b,exclude,,unknown,,,
annotation,PTE_CX_MT_PI3_pneumothorax,1d3a9d7c-24e8-4670-9e4d-a6602efa2da6,exclude,,unknown,,,
annotation,PTE_CX_MT_PI3_pneumothorax,20312075-4160-4269-843c-48c084551cbf,keep,visually_valid,unknown,,,
annotation,PTE_CX_MT_PI3_pneumothorax,20f73cc9-20a7-4d16-b854-e733c2228268,exclude,,unknown,,,
annotation,PTE_CX_MT_PI3_pneumothorax,242aad71-3efd-48f1-af4b-e2b4b71f5d56,exclude,,unknown,,,
annotation,PTE_CX_MT_PI3_pneumothorax,282bd8e0-c2bb-41a0-b952-0e62535b606c,keep,visually_valid,unknown,,,
annotation,PTE_CX_MT_PI3_pneumothorax,30c02a48-113a-47ea-9a97-40b749f40a08,exclude,,unknown,,,
annotation,PTE_CX_MT_PI3_pneumothorax,354353c1-ae18-4315-b183-332865d212e7,keep,,unknown,,,
annotation,PTE_CX_MT_PI3_pneumothorax,3673c878-af80-449f-b0c8-83f14de30b1f,exclude,,unknown,,,
annotation,PTE_CX_MT_PI3_pneumothorax,36b6f982-9f58-4787-8ee3-605be524344e,keep,visually_valid,unknown,,,
annotation,PTE_CX_MT_PI3_pneumothorax,3c427c78-07e3-4132-80d8-04b92f4065e4,exclude,,unknown,,,
annotation,PTE_CX_MT_PI3_pneumothorax,441d4538-ad11-4d77-a1c9-3c54bedf4656,exclude,,unknown,,,
annotation,PTE_CX_MT_PI3_pneumothorax,44ff2b11-5ecf-43ef-abe8-7b0f3ae016d8,exclude,,unknown,,,
annotation,PTE_CX_MT_PI3_pneumothorax,470bb99c-dc3e-4c2f-9337-221cc3943b68,exclude,,unknown,,,
annotation,PTE_CX_MT_PI3_pneumothorax,47ae9319-56f8-442b-bd22-c8035c3cfdd2,exclude,,unknown,,,
annotation,PTE_CX_MT_PI3_pneumothorax,4cd9f4db-9f80-432a-8271-dd1e4b4cff00,exclude,,unknown,,,
annotation,PTE_CX_MT_PI3_pneumothorax,4ebd45b2-7ce6-418d-967f-22998c6b0d74,exclude,,unknown,,,
annotation,PTE_CX_MT_PI3_pneumothorax,4fc2d551-70cd-489f-9efb-ef741148661d,keep,visually_valid,unknown,,,
annotation,PTE_CX_MT_PI3_pneumothorax,56d6e95f-61e0-4a1e-95db-04884ec85dd3,keep,visually_valid,unknown,,,
annotation,PTE_CX_MT_PI3_pneumothorax,5c290d06-4a29-40d6-b0f5-6d3c6ce618a1,exclude,,unknown,,,
annotation,PTE_CX_MT_PI3_pneumothorax,6001bca5-a566-499b-bd5f-e5d4cfc7e41a,exclude,,unknown,,,
annotation,PTE_CX_MT_PI3_pneumothorax,617222c1-c525-4988-9eb2-e23c0cd259b0,keep,visually_valid,unknown,,,
annotation,PTE_CX_MT_PI3_pneumothorax,61cf01dc-8bd4-48ca-a5d9-820f2bb518cd,keep,visually_valid,unknown,,,
annotation,PTE_CX_MT_PI3_pneumothorax,6c16c720-de70-433f-85e4-6ce3ceefefef,exclude,,unknown,,,
annotation,PTE_CX_MT_PI3_pneumothorax,767e80bc-181f-415a-9089-973ae36dbc26,exclude,,unknown,,,
annotation,PTE_CX_MT_PI3_pneumothorax,7d1a771b-f3f8-4378-81a4-e41153dc5f81,exclude,,unknown,,,
annotation,PTE_CX_MT_PI3_pneumothorax,7f9006e6-875d-40a9-a889-a3cfc12c3c0e,exclude,,unknown,,,
annotation,PTE_CX_MT_PI3_pneumothorax,8b717296-6f66-4dc5-8ba9-f81bf3f62719,exclude,,unknown,,,
annotation,PTE_CX_MT_PI3_pneumothorax,8c612a0c-7225-4e70-bf45-44f6d8408527,keep,visually_valid,unknown,,,
annotation,PTE_CX_MT_PI3_pneumothorax,8fdb709d-41c2-40aa-aa1f-9b32d62def10,keep,,unknown,,,
annotation,PTE_CX_MT_PI3_pneumothorax,95160950-2d93-4561-9735-2f806831c194,keep,,unknown,,,
annotation,PTE_CX_MT_PI3_pneumothorax,9c725c80-4694-45c3-b2c8-0ecf8c36080c,keep,visually_valid,unknown,,,
annotation,PTE_CX_MT_PI3_pneumothorax,9e3b8292-6d70-480c-900b-fdadf4fd7984,keep,visually_valid,unknown,,,
annotation,PTE_CX_MT_PI3_pneumothorax,a054042c-753a-4a49-9b85-49d64c8cf6d5,keep,visually_valid,unknown,,,
annotation,PTE_CX_MT_PI3_pneumothorax,a0d56c20-148a-4793-b416-f54dd220decf,keep,visually_valid,unknown,,,
annotation,PTE_CX_MT_PI3_pneumothorax,a1b57102-5488-4d12-83ee-d86a90c8dc4c,keep,visually_valid,unknown,,,
annotation,PTE_CX_MT_PI3_pneumothorax,a58b5db4-bc14-4ecf-b3a0-b4ecffa2c1e8,exclude,,unknown,,,
annotation,PTE_CX_MT_PI3_pneumothorax,ab290b88-c792-4ffc-a335-09459d571dea,keep,visually_valid,unknown,,,
annotation,PTE_CX_MT_PI3_pneumothorax,ad138832-96a0-4f58-aa40-71a689fbc20e,exclude,,unknown,,,
annotation,PTE_CX_MT_PI3_pneumothorax,af9484bf-b4c8-41e0-afdf-cd73293ae0a3,keep,visually_valid,unknown,,,
annotation,PTE_CX_MT_PI3_pneumothorax,b1cf9ba7-28cb-48f1-8b1f-3bf184bd5f28,exclude,,unknown,,,
annotation,PTE_CX_MT_PI3_pneumothorax,b2b62ed2-354e-4cea-a78c-d1c0bbaeba0c,keep,visually_valid,unknown,,,
annotation,PTE_CX_MT_PI3_pneumothorax,b3a8976f-e0bb-4ec1-bee3-185a96791b5f,keep,visually_valid,unknown,,,
annotation,PTE_CX_MT_PI3_pneumothorax,b4968478-7e80-4bd2-a9ad-0fba9d7e0913,keep,,unknown,,,
annotation,PTE_CX_MT_PI3_pneumothorax,be35b81b-c84d-4fad-bf86-08364d9d2052,exclude,,unknown,,,
annotation,PTE_CX_MT_PI3_pneumothorax,c17bc6c4-4c68-4645-ba7f-f567d2384cdf,exclude,,unknown,,,
annotation,PTE_CX_MT_PI3_pneumothorax,c4799717-5614-4573-8b8c-85fdf02793aa,keep,visually_valid,unknown,,,
annotation,PTE_CX_MT_PI3_pneumothorax,c674520a-a374-4493-b900-1538e7cdf6d8,keep,visually_valid,unknown,,,
annotation,PTE_CX_MT_PI3_pneumothorax,ca005d54-7394-4940-9ed3-907ada3d56dd,keep,visually_valid,unknown,,,
annotation,PTE_CX_MT_PI3_pneumothorax,d6257e93-7ed6-4913-9f07-b0d16d8be648,exclude,,unknown,,,
annotation,PTE_CX_MT_PI3_pneumothorax,d78fe8b3-2f3e-441d-aa4a-c3d5de8c3728,keep,visually_valid,unknown,,,
annotation,PTE_CX_MT_PI3_pneumothorax,da937251-89bb-4655-95f0-eb5494bea7f4,exclude,,unknown,,,
annotation,PTE_CX_MT_PI3_pneumothorax,dbd6b648-3902-4946-b8d1-a71d3d9e607d,exclude,,unknown,,,
annotation,PTE_CX_MT_PI3_pneumothorax,e1e839cc-a4bb-4752-8cce-e0347047965d,exclude,,unknown,,,
annotation,PTE_CX_MT_PI3_pneumothorax,e1f99943-d163-40b3-96a7-a968023fe861,keep,visually_valid,unknown,,,
annotation,PTE_CX_MT_PI3_pneumothorax,e3f90267-f171-4739-945f-fd6fbb202e3d,keep,visually_valid,unknown,,,
annotation,PTE_CX_MT_PI3_pneumothorax,e61d49c2-7317-4902-acc5-546627539389,keep,visually_valid,unknown,,,
annotation,PTE_CX_MT_PI3_pneumothorax,e9968a01-c13c-44cf-9f90-2d60a540ae1d,keep,visually_valid,unknown,,,
annotation,PTE_CX_MT_PI3_pneumothorax,ea2f9c42-ff7c-4fdf-be02-295023718219,exclude,,unknown,,,
annotation,PTE_CX_MT_PI3_pneumothorax,f3b06f24-cc75-40b7-87e4-c5ed6d47f98b,exclude,,unknown,,,
annotation,PTE_CX_MT_PI3_pneumothorax,f3e76352-dc13-4c7d-81f7-1347cef326e6,exclude,,unknown,,,
annotation,PTE_CX_MT_PI3_pneumothorax,f4a8c951-3379-4ec7-9327-656c8fd2d796,exclude,,unknown,,,
annotation,PTE_CX_MT_PI3_pneumothorax,f5e3d9f2-4e58-4e11-9681-81efbf1c77a7,keep,visually_valid,unknown,,,
annotation,PTE_CX_MT_PI3_pneumothorax,f649a9f3-c4fa-41fe-96ad-eca634aecd64,keep,visually_valid,unknown,,,
annotation,PTE_CX_MT_PI3_pneumothorax,f81210c5-3864-4c03-8bc2-fbd115208ad0,exclude,,unknown,,,
annotation,PTE_CX_MT_PI3_pneumothorax,fe48d1a9-7d4c-4703-ab73-35504b30bd22,keep,visually_valid,unknown,,,
annotation,PTE_CX_MT_PI3_pneumothorax,fe554305-0329-428b-a8e7-816ea040c9c4,keep,visually_valid,unknown,,,
annotation,PTE_CX_MT_PI3_pneumothorax,fff35e88-932f-4c90-8557-53efffe42cba,keep,visually_valid,unknown,,,
annotation,PTR_CX_MT_PI3_pneumothorax,0f31f2a7-72f8-4852-8bef-4bab5e48418b,keep,visually_valid,unknown,,,
annotation,PTR_CX_MT_PI3_pneumothorax,1362e669-09f2-4ec1-838c-0c6a56e96fc2,keep,visually_valid,unknown,,,
annotation,PTR_CX_MT_PI3_pneumothorax,1f126f62-8d7d-4cc6-8bc2-8509782f1003,keep,visually_valid,unknown,,,
annotation,PTR_CX_MT_PI3_pneumothorax,20312075-4160-4269-843c-48c084551cbf,keep,visually_valid,unknown,,,
annotation,PTR_CX_MT_PI3_pneumothorax,237c3936-4314-4fcf-aea8-fe3703039072,keep,visually_valid,unknown,,,
annotation,PTR_CX_MT_PI3_pneumothorax,282bd8e0-c2bb-41a0-b952-0e62535b606c,keep,visually_valid,unknown,,,
annotation,PTR_CX_MT_PI3_pneumothorax,30e24f5b-2c1d-4efb-92e3-340a7bc0f3f1,keep,visually_valid,unknown,,,
annotation,PTR_CX_MT_PI3_pneumothorax,354353c1-ae18-4315-b183-332865d212e7,keep,visually_valid,unknown,,,
annotation,PTR_CX_MT_PI3_pneumothorax,36b6f982-9f58-4787-8ee3-605be524344e,keep,visually_valid,unknown,,,
annotation,PTR_CX_MT_PI3_pneumothorax,4cd9f4db-9f80-432a-8271-dd1e4b4cff00,exclude,,unknown,,,
annotation,PTR_CX_MT_PI3_pneumothorax,4fc2d551-70cd-489f-9efb-ef741148661d,keep,visually_valid,unknown,,,
annotation,PTR_CX_MT_PI3_pneumothorax,56d6e95f-61e0-4a1e-95db-04884ec85dd3,keep,visually_valid,unknown,,,
annotation,PTR_CX_MT_PI3_pneumothorax,617222c1-c525-4988-9eb2-e23c0cd259b0,keep,visually_valid,unknown,,,
annotation,PTR_CX_MT_PI3_pneumothorax,61cf01dc-8bd4-48ca-a5d9-820f2bb518cd,keep,visually_valid,unknown,,,
annotation,PTR_CX_MT_PI3_pneumothorax,6286e669-0b66-4db8-b466-85ff6ceea985,keep,visually_valid,unknown,,,
annotation,PTR_CX_MT_PI3_pneumothorax,76dc2070-65dc-4bef-88a0-0966a8af0c81,keep,visually_valid,unknown,,,
annotation,PTR_CX_MT_PI3_pneumothorax,7d1a771b-f3f8-4378-81a4-e41153dc5f81,exclude,,unknown,,,
annotation,PTR_CX_MT_PI3_pneumothorax,899d64f9-67b6-47a5-900b-2aa191a43577,keep,visually_valid,unknown,,,
annotation,PTR_CX_MT_PI3_pneumothorax,8b717296-6f66-4dc5-8ba9-f81bf3f62719,exclude,,unknown,,,
annotation,PTR_CX_MT_PI3_pneumothorax,8c612a0c-7225-4e70-bf45-44f6d8408527,keep,visually_valid,unknown,,,
annotation,PTR_CX_MT_PI3_pneumothorax,8fdb709d-41c2-40aa-aa1f-9b32d62def10,keep,,unknown,,,
annotation,PTR_CX_MT_PI3_pneumothorax,95160950-2d93-4561-9735-2f806831c194,keep,,unknown,,,
annotation,PTR_CX_MT_PI3_pneumothorax,959ebfe4-2fbf-43fd-860f-eec01ab07dd4,keep,,unknown,,,
annotation,PTR_CX_MT_PI3_pneumothorax,9c725c80-4694-45c3-b2c8-0ecf8c36080c,keep,,unknown,,,
annotation,PTR_CX_MT_PI3_pneumothorax,9e3b8292-6d70-480c-900b-fdadf4fd7984,keep,visually_valid,unknown,,,
annotation,PTR_CX_MT_PI3_pneumothorax,a054042c-753a-4a49-9b85-49d64c8cf6d5,keep,visually_valid,unknown,,,
annotation,PTR_CX_MT_PI3_pneumothorax,a0d56c20-148a-4793-b416-f54dd220decf,keep,visually_valid,unknown,,,
annotation,PTR_CX_MT_PI3_pneumothorax,a1b57102-5488-4d12-83ee-d86a90c8dc4c,keep,visually_valid,unknown,,,
annotation,PTR_CX_MT_PI3_pneumothorax,a58b5db4-bc14-4ecf-b3a0-b4ecffa2c1e8,exclude,,unknown,,,
annotation,PTR_CX_MT_PI3_pneumothorax,ab290b88-c792-4ffc-a335-09459d571dea,keep,visually_valid,unknown,,,
annotation,PTR_CX_MT_PI3_pneumothorax,af9484bf-b4c8-41e0-afdf-cd73293ae0a3,keep,visually_valid,unknown,,,
annotation,PTR_CX_MT_PI3_pneumothorax,b2b62ed2-354e-4cea-a78c-d1c0bbaeba0c,keep,visually_valid,unknown,,,
annotation,PTR_CX_MT_PI3_pneumothorax,b3a8976f-e0bb-4ec1-bee3-185a96791b5f,keep,visually_valid,unknown,,,
annotation,PTR_CX_MT_PI3_pneumothorax,b4968478-7e80-4bd2-a9ad-0fba9d7e0913,keep,,unknown,,,
annotation,PTR_CX_MT_PI3_pneumothorax,b6d98024-df83-4176-a82d-356c12f4ad3c,keep,,unknown,,,
annotation,PTR_CX_MT_PI3_pneumothorax,c4799717-5614-4573-8b8c-85fdf02793aa,keep,visually_valid,unknown,,,
annotation,PTR_CX_MT_PI3_pneumothorax,c674520a-a374-4493-b900-1538e7cdf6d8,keep,visually_valid,unknown,,,
annotation,PTR_CX_MT_PI3_pneumothorax,ca005d54-7394-4940-9ed3-907ada3d56dd,keep,,unknown,,,
annotation,PTR_CX_MT_PI3_pneumothorax,d78fe8b3-2f3e-441d-aa4a-c3d5de8c3728,keep,visually_valid,unknown,,,
annotation,PTR_CX_MT_PI3_pneumothorax,e1f99943-d163-40b3-96a7-a968023fe861,keep,visually_valid,unknown,,,
annotation,PTR_CX_MT_PI3_pneumothorax,e3f90267-f171-4739-945f-fd6fbb202e3d,keep,,unknown,,,
annotation,PTR_CX_MT_PI3_pneumothorax,e61d49c2-7317-4902-acc5-546627539389,keep,visually_valid,unknown,,,
annotation,PTR_CX_MT_PI3_pneumothorax,e9968a01-c13c-44cf-9f90-2d60a540ae1d,keep,visually_valid,unknown,,,
annotation,PTR_CX_MT_PI3_pneumothorax,f5e3d9f2-4e58-4e11-9681-81efbf1c77a7,keep,visually_valid,unknown,,,
annotation,PTR_CX_MT_PI3_pneumothorax,f649a9f3-c4fa-41fe-96ad-eca634aecd64,keep,visually_valid,unknown,,,
annotation,PTR_CX_MT_PI3_pneumothorax,fe48d1a9-7d4c-4703-ab73-35504b30bd22,keep,visually_valid,unknown,,,
annotation,PTR_CX_MT_PI3_pneumothorax,fe554305-0329-428b-a8e7-816ea040c9c4,keep,visually_valid,unknown,,,
annotation,PTR_CX_MT_PI3_pneumothorax,fff35e88-932f-4c90-8557-53efffe42cba,keep,visually_valid,unknown,,,
image,ANN_EIRLPRJ_01272,asahikawa/CXASW00001546_000/CXASW00001546_000_000/CXASW00001546_000_000_001,exclude,review_required,unknown,,,engineer-set-ANN_EIRLPRJ_01272-20260709_004526.json::asahikawa/CXASW00001546_000/CXASW00001546_000_000/CXASW00001546_000_000_001
image,ANN_EIRLPRJ_01272,asahikawa/CXASW00001554_000/CXASW00001554_000_000/CXASW00001554_000_000_001,exclude,review_required,unknown,,,engineer-set-ANN_EIRLPRJ_01272-20260709_004526.json::asahikawa/CXASW00001554_000/CXASW00001554_000_000/CXASW00001554_000_000_001
image,ANN_EIRLPRJ_01272,asahikawa/CXASW00001567_000/CXASW00001567_000_000/CXASW00001567_000_000_001,exclude,review_required,unknown,,,engineer-set-ANN_EIRLPRJ_01272-20260709_004526.json::asahikawa/CXASW00001567_000/CXASW00001567_000_000/CXASW00001567_000_000_001
image,ANN_EIRLPRJ_01272,asahikawa/CXASW00001598_000/CXASW00001598_000_000/CXASW00001598_000_000_001,exclude,review_required,unknown,,,engineer-set-ANN_EIRLPRJ_01272-20260709_004526.json::asahikawa/CXASW00001598_000/CXASW00001598_000_000/CXASW00001598_000_000_001
image,ANN_EIRLPRJ_01272,asahikawa/CXASW00001683_000/CXASW00001683_000_000/CXASW00001683_000_000_001,exclude,review_required,unknown,,,engineer-set-ANN_EIRLPRJ_01272-20260709_004526.json::asahikawa/CXASW00001683_000/CXASW00001683_000_000/CXASW00001683_000_000_001
image,ANN_EIRLPRJ_01272,nagoya_daiichi/LTNGF00001288_000/LTNGF00001288_000_000/LTNGF00001288_000_000_001,exclude,review_required,unknown,,,engineer-set-ANN_EIRLPRJ_01272-20260709_004526.json::nagoya_daiichi/LTNGF00001288_000/LTNGF00001288_000_000/LTNGF00001288_000_000_001
image,ANN_EIRLPRJ_01272,nagoya_daiichi/LTNGF00001289_000/LTNGF00001289_000_000/LTNGF00001289_000_000_001,exclude,review_required,unknown,,,engineer-set-ANN_EIRLPRJ_01272-20260709_004526.json::nagoya_daiichi/LTNGF00001289_000/LTNGF00001289_000_000/LTNGF00001289_000_000_001
image,ANN_EIRLPRJ_01272,nagoya_daiichi/LTNGF00001290_000/LTNGF00001290_000_000/LTNGF00001290_000_000_001,exclude,review_required,unknown,,,engineer-set-ANN_EIRLPRJ_01272-20260709_004526.json::nagoya_daiichi/LTNGF00001290_000/LTNGF00001290_000_000/LTNGF00001290_000_000_001
image,ANN_EIRLPRJ_01272,nagoya_daiichi/LTNGF00001291_000/LTNGF00001291_000_000/LTNGF00001291_000_000_001,exclude,review_required,unknown,,,engineer-set-ANN_EIRLPRJ_01272-20260709_004526.json::nagoya_daiichi/LTNGF00001291_000/LTNGF00001291_000_000/LTNGF00001291_000_000_001
image,ANN_EIRLPRJ_01272,nagoya_daiichi/LTNGF00001292_000/LTNGF00001292_000_000/LTNGF00001292_000_000_001,exclude,review_required,unknown,,,engineer-set-ANN_EIRLPRJ_01272-20260709_004526.json::nagoya_daiichi/LTNGF00001292_000/LTNGF00001292_000_000/LTNGF00001292_000_000_001
image,ANN_EIRLPRJ_01272,nagoya_daiichi/LTNGF00001293_000/LTNGF00001293_000_000/LTNGF00001293_000_000_001,exclude,review_required,unknown,,,engineer-set-ANN_EIRLPRJ_01272-20260709_004526.json::nagoya_daiichi/LTNGF00001293_000/LTNGF00001293_000_000/LTNGF00001293_000_000_001
image,ANN_EIRLPRJ_01272,nagoya_daiichi/LTNGF00001294_000/LTNGF00001294_000_000/LTNGF00001294_000_000_001,exclude,review_required,unknown,,,engineer-set-ANN_EIRLPRJ_01272-20260709_004526.json::nagoya_daiichi/LTNGF00001294_000/LTNGF00001294_000_000/LTNGF00001294_000_000_001
image,ANN_EIRLPRJ_01272,nagoya_daiichi/LTNGF00001295_000/LTNGF00001295_000_000/LTNGF00001295_000_000_001,exclude,review_required,unknown,,,engineer-set-ANN_EIRLPRJ_01272-20260709_004526.json::nagoya_daiichi/LTNGF00001295_000/LTNGF00001295_000_000/LTNGF00001295_000_000_001
image,ANN_EIRLPRJ_01272,nagoya_daiichi/LTNGF00001296_000/LTNGF00001296_000_000/LTNGF00001296_000_000_001,exclude,review_required,unknown,,,engineer-set-ANN_EIRLPRJ_01272-20260709_004526.json::nagoya_daiichi/LTNGF00001296_000/LTNGF00001296_000_000/LTNGF00001296_000_000_001
image,ANN_EIRLPRJ_01272,nagoya_daiichi/LTNGF00001298_000/LTNGF00001298_000_000/LTNGF00001298_000_000_001,exclude,review_required,unknown,,,engineer-set-ANN_EIRLPRJ_01272-20260709_004526.json::nagoya_daiichi/LTNGF00001298_000/LTNGF00001298_000_000/LTNGF00001298_000_000_001
image,ANN_EIRLPRJ_01272,nagoya_daiichi/LTNGF00001299_000/LTNGF00001299_000_000/LTNGF00001299_000_000_001,exclude,review_required,unknown,,,engineer-set-ANN_EIRLPRJ_01272-20260709_004526.json::nagoya_daiichi/LTNGF00001299_000/LTNGF00001299_000_000/LTNGF00001299_000_000_001
image,ANN_EIRLPRJ_01272,nagoya_daiichi/LTNGF00001300_000/LTNGF00001300_000_000/LTNGF00001300_000_000_001,exclude,review_required,unknown,,,engineer-set-ANN_EIRLPRJ_01272-20260709_004526.json::nagoya_daiichi/LTNGF00001300_000/LTNGF00001300_000_000/LTNGF00001300_000_000_001
image,ANN_EIRLPRJ_01272,nagoya_daiichi/LTNGF00001302_000/LTNGF00001302_000_000/LTNGF00001302_000_000_001,exclude,review_required,unknown,,,engineer-set-ANN_EIRLPRJ_01272-20260709_004526.json::nagoya_daiichi/LTNGF00001302_000/LTNGF00001302_000_000/LTNGF00001302_000_000_001
image,ANN_EIRLPRJ_01272,nagoya_daiichi/LTNGF00001303_000/LTNGF00001303_000_000/LTNGF00001303_000_000_001,exclude,review_required,unknown,,,engineer-set-ANN_EIRLPRJ_01272-20260709_004526.json::nagoya_daiichi/LTNGF00001303_000/LTNGF00001303_000_000/LTNGF00001303_000_000_001
image,ANN_EIRLPRJ_01272,nagoya_daiichi/LTNGF00001306_000/LTNGF00001306_000_000/LTNGF00001306_000_000_001,exclude,review_required,unknown,,,engineer-set-ANN_EIRLPRJ_01272-20260709_004526.json::nagoya_daiichi/LTNGF00001306_000/LTNGF00001306_000_000/LTNGF00001306_000_000_001
image,ANN_EIRLPRJ_01272,nagoya_daiichi/LTNGF00001307_000/LTNGF00001307_000_000/LTNGF00001307_000_000_001,exclude,review_required,unknown,,,engineer-set-ANN_EIRLPRJ_01272-20260709_004526.json::nagoya_daiichi/LTNGF00001307_000/LTNGF00001307_000_000/LTNGF00001307_000_000_001
image,ANN_EIRLPRJ_01272,nagoya_daiichi/LTNGF00001311_000/LTNGF00001311_000_000/LTNGF00001311_000_000_001,exclude,review_required,unknown,,,engineer-set-ANN_EIRLPRJ_01272-20260709_004526.json::nagoya_daiichi/LTNGF00001311_000/LTNGF00001311_000_000/LTNGF00001311_000_000_001
image,ANN_EIRLPRJ_01272,nagoya_daiichi/LTNGF00001313_000/LTNGF00001313_000_000/LTNGF00001313_000_000_001,exclude,review_required,unknown,,,engineer-set-ANN_EIRLPRJ_01272-20260709_004526.json::nagoya_daiichi/LTNGF00001313_000/LTNGF00001313_000_000/LTNGF00001313_000_000_001
image,ANN_EIRLPRJ_01272,nagoya_daiichi/LTNGF00001315_000/LTNGF00001315_000_000/LTNGF00001315_000_000_001,exclude,review_required,unknown,,,engineer-set-ANN_EIRLPRJ_01272-20260709_004526.json::nagoya_daiichi/LTNGF00001315_000/LTNGF00001315_000_000/LTNGF00001315_000_000_001
image,ANN_EIRLPRJ_01272,nagoya_daiichi/LTNGF00001316_000/LTNGF00001316_000_000/LTNGF00001316_000_000_001,exclude,review_required,unknown,,,engineer-set-ANN_EIRLPRJ_01272-20260709_004526.json::nagoya_daiichi/LTNGF00001316_000/LTNGF00001316_000_000/LTNGF00001316_000_000_001
image,ANN_EIRLPRJ_01272,nagoya_daiichi/LTNGF00001317_000/LTNGF00001317_000_000/LTNGF00001317_000_000_001,exclude,review_required,unknown,,,engineer-set-ANN_EIRLPRJ_01272-20260709_004526.json::nagoya_daiichi/LTNGF00001317_000/LTNGF00001317_000_000/LTNGF00001317_000_000_001
image,ANN_EIRLPRJ_01272,nagoya_daiichi/LTNGF00001318_000/LTNGF00001318_000_000/LTNGF00001318_000_000_001,exclude,review_required,unknown,,,engineer-set-ANN_EIRLPRJ_01272-20260709_004526.json::nagoya_daiichi/LTNGF00001318_000/LTNGF00001318_000_000/LTNGF00001318_000_000_001
image,ANN_EIRLPRJ_01272,nagoya_daiichi/LTNGF00001322_000/LTNGF00001322_000_000/LTNGF00001322_000_000_001,exclude,review_required,unknown,,,engineer-set-ANN_EIRLPRJ_01272-20260709_004526.json::nagoya_daiichi/LTNGF00001322_000/LTNGF00001322_000_000/LTNGF00001322_000_000_001
image,ANN_EIRLPRJ_01272,nagoya_daiichi/LTNGF00001323_000/LTNGF00001323_000_000/LTNGF00001323_000_000_002,exclude,review_required,unknown,,,engineer-set-ANN_EIRLPRJ_01272-20260709_004526.json::nagoya_daiichi/LTNGF00001323_000/LTNGF00001323_000_000/LTNGF00001323_000_000_002
image,ANN_EIRLPRJ_01272,nagoya_daiichi/LTNGF00001325_000/LTNGF00001325_000_000/LTNGF00001325_000_000_001,exclude,review_required,unknown,,,engineer-set-ANN_EIRLPRJ_01272-20260709_004526.json::nagoya_daiichi/LTNGF00001325_000/LTNGF00001325_000_000/LTNGF00001325_000_000_001
image,ANN_EIRLPRJ_01272,nagoya_daiichi/LTNGF00001326_000/LTNGF00001326_000_000/LTNGF00001326_000_000_001,exclude,review_required,unknown,,,engineer-set-ANN_EIRLPRJ_01272-20260709_004526.json::nagoya_daiichi/LTNGF00001326_000/LTNGF00001326_000_000/LTNGF00001326_000_000_001
image,ANN_EIRLPRJ_01272,nagoya_daiichi/LTNGF00001328_000/LTNGF00001328_000_000/LTNGF00001328_000_000_001,exclude,review_required,unknown,,,engineer-set-ANN_EIRLPRJ_01272-20260709_004526.json::nagoya_daiichi/LTNGF00001328_000/LTNGF00001328_000_000/LTNGF00001328_000_000_001
image,ANN_EIRLPRJ_01272,okayama_chuo/CXOKC00001821_001/CXOKC00001821_001_000/CXOKC00001821_001_000_001,exclude,review_required,unknown,,,engineer-set-ANN_EIRLPRJ_01272-20260709_004526.json::okayama_chuo/CXOKC00001821_001/CXOKC00001821_001_000/CXOKC00001821_001_000_001
